School,Make Tournament,Conference Champ,Last 12 Wins,Conference Finish,RPI Rank,NET Rank,Conference,Record,Wins,Losses,Adj. Offensive Efficiency,OE Rank,Adj. Defensive Efficiency,DE Rank,Barthag,T-Rank,Conference Record,SOS,Non-Conf SOS,Conference SOS,Conference Win %,Wins Above Bubble,WAB Rank,Efficiency Rank Avg,Efficiency Avg,Season
Abilene Christian,0,0,5,7,320,NA,Slnd,9-18,9,18,96.11591697764163,307,111.54567972795152,307,0.15289004770707212,319,8-10,0.32317893001991194,0.46828236551765634,0.2506272122710395,0.4444444444444444,-14.258455914119969,286,307,103.83079835279658,2016
Air Force,0,0,4,10,226,NA,MWC,12-18,12,18,97.72250711731368,288,105.85493024440589,210,0.28510396415023265,256,5-13,0.5304900367685859,0.4288472610512008,0.5824270108519378,0.2777777777777778,-10.577090885488502,218,249,101.78871868085979,2016
Akron,0,0,9,1,29,NA,MAC,25-8,25,8,109.54639509223867,81,100.90366898273271,126,0.720126968843103,92,13-5,0.4773912245852481,0.46252479337499847,0.48743930227328797,0.7222222222222222,-1.0920463173387183,79,103.5,105.22503203748569,2016
Alabama,0,0,7,10,69,NA,SEC,18-14,18,14,105.98708042448098,135,95.90143949505662,41,0.7595029595423645,73,8-10,0.7027030364663559,0.5897636076930101,0.7609251840324823,0.4444444444444444,-0.26216156807654656,62,88,100.9442599597688,2016
Alabama-Birmingham,0,0,10,1,83,NA,CUSA,25-6,25,6,107.51716135314584,107,103.11088210105432,163,0.6180367967782171,119,16-2,0.4085774228347151,0.42594875840389484,0.39271146920003225,0.8888888888888888,-0.7710720108413144,69,135,105.31402172710008,2016
Alabama A&M,0,0,4,7,332,NA,SWAC,10-18,10,18,98.45014297340403,274,114.0581318785622,333,0.1554713903684465,316,6-12,0.27352236157261156,0.4790241700773215,0.18676093762111923,0.3333333333333333,-14.91140566830626,293,303.5,106.25413742598312,2016
Alabama State,0,0,8,5,267,NA,SWAC,12-17,12,17,97.91107098089682,284,111.07224881371069,303,0.18994087509389887,297,9-9,0.3169926474723327,0.5583517981284118,0.18290394681142472,0.5,-12.907184468871677,262,293.5,104.49165989730375,2016
Albany (NY),0,0,10,2,108,NA,AE,23-8,23,8,104.4989142999797,159,101.92814626904521,141,0.5711264453526548,138,13-3,0.3234668724056587,0.38509374123333207,0.28200752417001984,0.8125,-3.823795078742444,106,150,103.21353028451246,2016
Alcorn State,0,0,9,2,253,NA,SWAC,13-15,13,15,96.91637084429189,296,111.631421089826,310,0.16443781827171086,310,13-5,0.2948809174584764,0.5365236165471777,0.18575503809024893,0.7222222222222222,-11.319387565502282,235,303,104.27389596705895,2016
American,0,0,9,4,230,NA,Pat,12-19,12,19,91.30214625391838,336,106.3089309501836,219,0.14804561671113697,321,9-9,0.3965792733467059,0.4779275407262643,0.33521247947547245,0.5,-13.831595390269822,281,277.5,98.80553860205099,2016
Appalachian State,0,0,4,9,258,NA,SB,9-22,9,22,100.72861724301528,219,110.20591461537694,290,0.2622924865414027,271,7-13,0.4891120312748797,0.5210769830973863,0.4715313077725011,0.35,-14.93249441316096,294,254.5,105.46726592919612,2016
Arizona,1,0,8,3,25,NA,P12,25-8,25,8,117.31439642629368,19,95.5190168346461,36,0.9140107004802207,18,12-6,0.6604583772022408,0.4792135265709972,0.7681424304969046,0.6666666666666666,3.7676419050879266,22,27.5,106.41670663046989,2016
Arizona State,0,0,4,11,101,NA,P12,15-17,15,17,108.75971457535552,91,99.79135912048537,106,0.7290253191187839,88,5-13,0.7217255287826394,0.6227151557025751,0.7888364460492138,0.2777777777777778,-3.773593301573288,105,98.5,104.27553684792045,2016
Arkansas,0,0,7,8,123,NA,SEC,16-16,16,16,109.88938209978141,75,98.75149817352457,78,0.7736396811803176,69,9-9,0.672191143249393,0.5334557016536682,0.7618106013489206,0.5,-4.26670603710812,113,76.5,104.32044013665299,2016
Arkansas-Pine Bluff,0,0,4,7,314,NA,SWAC,8-25,8,25,87.57826499176272,347,109.81456734356274,285,0.06901020494121637,347,6-12,0.3978274703855522,0.6739024865420468,0.19656668448702386,0.3333333333333333,-17.526587422094327,332,316,98.69641616766273,2016
Arkansas State,0,0,2,9,281,NA,SB,9-20,9,20,98.83758061858367,266,107.32397976481948,242,0.2794274618764822,259,7-13,0.46253072777086274,0.44630032181445717,0.46983441045124535,0.35,-13.703035648502823,277,254,103.08078019170158,2016
Army,0,0,6,4,210,NA,Pat,18-13,18,13,98.76646608987738,267,105.034154208297,199,0.33013698453446244,234,9-9,0.32562387739399684,0.3614505405046828,0.3150625970145946,0.5,-9.17003058313961,193,233,101.90031014908719,2016
Auburn,0,0,2,13,175,NA,SEC,11-20,11,20,100.29541631493643,228,102.19649203522678,147,0.4462238967125395,184,5-13,0.7098689920308716,0.5786529215148849,0.796435938773111,0.2777777777777778,-7.863963980373227,169,187.5,101.24595417508161,2016
Austin Peay,1,1,6,4,187,NA,OVC,16-17,16,17,102.37109865153063,188,108.93361700323247,272,0.3285956002518688,236,7-9,0.41325784295513257,0.4870891406419675,0.3428339753664432,0.4375,-11.088604576933568,230,230,105.65235782738155,2016
Ball State,0,0,6,1,179,NA,MAC,18-13,18,13,101.86376238588156,202,101.81592462365104,140,0.5013504855247303,162,10-8,0.4258699664135381,0.3095304400009548,0.5139721986308843,0.5555555555555556,-8.082057692391396,171,171,101.83984350476629,2016
Baylor,1,0,6,5,24,NA,B12,21-11,21,11,119.50660913619663,8,98.785784982051,80,0.8993303915077714,24,10-8,0.717858087641999,0.4897873048700518,0.8471769722233736,0.5555555555555556,3.8905184435997837,21,44,109.14619705912381,2016
Belmont,0,0,8,1,94,NA,OVC,19-11,19,11,112.42317942178812,45,108.38366071711741,262,0.6036787616302792,123,12-4,0.45154388517385435,0.5753484513585025,0.35863694295648635,0.75,-4.656551137006559,116,153.5,110.40342006945276,2016
Bethune-Cookman,0,0,8,4,288,NA,MEAC,12-18,12,18,97.61249801767957,291,110.39825143487525,292,0.19536475695888436,294,10-6,0.31038132548587977,0.4974282995253023,0.1694252790587798,0.625,-13.64247674825465,273,291.5,104.00537472627741,2016
Binghamton,0,0,5,6,300,NA,AE,8-22,8,22,89.09763115133741,344,102.09273534452166,144,0.1728286167624846,305,5-11,0.3660947174181623,0.4083438451928508,0.3309701438051057,0.3125,-17.110164041988813,325,244,95.59518324792953,2016
Boise State,0,0,6,3,102,NA,MWC,18-12,18,12,108.18409739531401,94,99.91190455634114,107,0.713976013053229,95,11-7,0.5695833360417059,0.5730881748238922,0.568783732235318,0.6111111111111112,-3.3360761545524342,99,100.5,104.04800097582758,2016
Boston College,0,0,0,15,249,NA,ACC,7-25,7,25,94.68869353679781,318,99.22436140118086,92,0.3686359502666591,217,0-18,0.6584757392499618,0.3869719944593181,0.8462610793285551,0,-11.905734225533676,243,205,96.95652746898934,2016
Boston University,0,0,8,3,195,NA,Pat,17-14,17,14,101.93253310719234,200,107.06188292679511,235,0.36248323079561173,219,11-7,0.3529330651247737,0.43512135570034016,0.31153465988980333,0.6111111111111112,-9.787484139557082,201,217.5,104.49720801699372,2016
Bowling Green State,0,0,2,6,200,NA,MAC,14-18,14,18,99.15274869301584,260,105.58960100094004,204,0.32665998200710683,241,5-13,0.4821149371518686,0.3703173579451335,0.5285883056280007,0.2777777777777778,-11.643378269770587,240,232,102.37117484697794,2016
Bradley,0,0,2,9,305,NA,MVC,4-27,4,27,85.64959510424774,350,101.0328772883901,129,0.13015521728507717,330,3-15,0.5842022644966476,0.6081753762643027,0.5736033292307883,0.16666666666666666,-17.417817808173645,329,239.5,93.34123619631892,2016
Brigham Young,0,0,9,3,76,NA,WCC,22-10,22,10,111.07818495628081,64,97.92246810170533,65,0.8099477082653689,55,13-5,0.5388013369290032,0.5644029612595843,0.5127221590708118,0.7222222222222222,-1.2026407109663815,81,64.5,104.50032652899307,2016
Brown,0,0,3,7,312,NA,Ivy,7-20,7,20,101.24259877779602,210,111.0446250224775,301,0.2567853755358517,273,3-11,0.45460645929592425,0.38739957925448054,0.5170128479058362,0.21428571428571427,-13.832479954919949,282,255.5,106.14361190013676,2016
Bryant,0,0,1,9,321,NA,NEC,7-23,7,23,93.41689935258546,324,113.0377129202507,325,0.10042906277019359,340,5-13,0.3631135649436598,0.5742255177650186,0.22237226306275387,0.2777777777777778,-17.522638170654126,331,324.5,103.22730613641808,2016
Bucknell,0,0,9,1,182,NA,Pat,16-13,16,13,103.75831779832683,169,104.51572791407796,190,0.4791016202911001,172,14-4,0.37368326416493425,0.5281658266117211,0.29887860005864053,0.7777777777777778,-8.913141870700604,188,179.5,104.13702285620239,2016
Buffalo,1,1,7,3,97,NA,MAC,19-14,19,14,104.97341530293752,153,102.51468577111532,151,0.5677218284190562,139,10-8,0.5279352363689369,0.5505816698559853,0.510346927262606,0.5555555555555556,-5.527028593727438,130,152,103.74405053702642,2016
Butler,1,0,8,4,58,NA,BE,21-10,21,10,117.50174008753645,16,99.14831469459301,88,0.875786152112893,32,10-8,0.6430059170187188,0.4693430913469852,0.7499184774559953,0.5555555555555556,2.3693424497754187,31,52,108.32502739106474,2016
Cal Poly,0,0,3,8,237,NA,BW,8-20,8,20,106.53137510592009,126,109.51814201910419,280,0.421167449955585,197,4-12,0.5649600559902274,0.5965758710903855,0.5337291540157674,0.25,-11.72470781679694,241,203,108.02475856251215,2016
Cal State Bakersfield,1,1,9,2,135,NA,WAC,21-8,21,8,102.8551532704007,181,94.97803568426338,29,0.714282435770644,94,11-3,0.36778190734353716,0.45000058843453306,0.3080467730272641,0.7857142857142857,-3.333533948364458,98,105,98.91659447733204,2016
Cal State Fullerton,0,0,2,9,292,NA,BW,8-20,8,20,101.4160032859314,208,108.67498853366676,268,0.311095257495365,248,3-13,0.5141638068064253,0.44207305467315483,0.5472154797862689,0.1875,-13.399854855449314,269,238,105.04549590979909,2016
Cal State Long Beach,0,0,10,3,77,NA,BW,18-14,18,14,106.91037658362089,118,99.07589220848658,86,0.7058274859859458,99,12-4,0.6334038401767341,0.8024242925252941,0.49893856370677975,0.75,-2.686668579702427,93,102,102.99313439605373,2016
Cal State Northridge,0,0,4,6,279,NA,BW,8-20,8,20,99.43241476513096,249,105.81156835679664,209,0.3284752369149489,238,5-11,0.5224281405402903,0.4922294155664617,0.5450771842706617,0.3125,-13.149785054064797,266,229,102.6219915609638,2016
Campbell,0,0,4,8,308,NA,BSth,9-18,9,18,99.58360143035607,247,112.98770637510822,323,0.18965746705881917,298,5-13,0.33210559502354786,0.3134486624570553,0.3436746771393864,0.2777777777777778,-14.934768699701392,295,285,106.28565390273215,2016
Canisius,0,0,4,7,223,NA,MAAC,14-19,14,19,106.68756507496443,121,112.99304937754997,324,0.3406611037271674,229,8-12,0.43373977669556935,0.4779663026584584,0.40961190095137195,0.4,-13.490464243081039,270,222.5,109.8403072262572,2016
Central Arkansas,0,0,4,9,339,NA,Slnd,7-21,7,21,99.79995260541502,240,117.51807851240648,348,0.13245993882259519,328,6-12,0.3505485836462605,0.5685574977033998,0.22943252028118297,0.3333333333333333,-15.803946013730629,309,294,108.65901555891074,2016
Central Connecticut State,0,0,3,10,351,NA,NEC,4-25,4,25,92.27216672444413,334,117.60403673346588,349,0.05788443653356489,348,3-15,0.285991953849271,0.38213735484258715,0.2272364310200222,0.16666666666666666,-21.793228713155976,351,341.5,104.938101728955,2016
Central Florida,0,0,2,8,219,NA,Amer,12-18,12,18,100.07697951782785,233,101.993489267068,142,0.4456785259282524,186,6-12,0.5611155968553415,0.4069981950232997,0.6637973909983818,0.3333333333333333,-9.765431522598483,200,187.5,101.03523439244793,2016
Central Michigan,0,0,7,1,155,NA,MAC,14-15,14,15,110.74067493481398,66,107.83701336039937,253,0.5758006326941341,136,10-8,0.48985509345859285,0.4651513859302373,0.5126457704994359,0.5555555555555556,-8.97717773255176,189,159.5,109.28884414760668,2016
Charleston Southern,0,0,3,8,297,NA,BSth,6-21,6,21,97.75785359663726,286,110.08536442830754,289,0.2033042063125673,293,5-13,0.4487861742288096,0.6901374119158633,0.35650776730648825,0.2777777777777778,-15.315716953672194,300,287.5,103.9216090124724,2016
Charlotte,0,0,7,7,233,NA,CUSA,14-19,14,19,103.8797092368144,166,108.70999749599224,269,0.37222647086706984,212,9-9,0.45068479470823025,0.5248587069746249,0.40176681775543643,0.5,-12.403367229102395,254,217.5,106.29485336640332,2016
Chattanooga,1,1,10,1,49,NA,SC,27-5,27,5,105.17941325379087,148,99.9275180677832,108,0.643149112607245,114,15-3,0.4087077648232876,0.5089511428407018,0.3519883221339734,0.8333333333333334,0.6211746274238866,47,128,102.55346566078703,2016
Chicago State,0,0,0,8,348,NA,WAC,1-28,1,28,90.59494620647811,339,112.51375243367568,317,0.07643603447384263,346,0-14,0.49935255937718087,0.5852686078396968,0.3980843768866696,0,-20.903626799292,349,328,101.5543493200769,2016
Cincinnati,1,0,9,3,47,NA,Amer,22-10,22,10,109.03652462136841,87,92.25265185324008,10,0.8723887586236194,34,12-6,0.6031049077497976,0.4926303968426083,0.6677532687547226,0.6666666666666666,0.6229203249548161,46,48.5,100.64458823730425,2016
Citadel,0,0,1,10,326,NA,SC,7-22,7,22,100.83693289945826,216,116.9016953184886,345,0.1544613639606124,317,3-15,0.39335306779376367,0.36740197178972467,0.40539668047691546,0.16666666666666666,-17.631442814415568,333,280.5,108.86931410897344,2016
Clemson,0,0,5,7,129,NA,ACC,17-14,17,14,112.09622915786179,49,98.03590727192623,66,0.8236499394280692,49,10-8,0.6429066652680445,0.39513402478782117,0.7981918807608649,0.5555555555555556,-2.106119935997235,90,57.5,105.06606821489402,2016
Cleveland State,0,0,3,9,275,NA,Horz,7-23,7,23,90.43521319750755,340,101.68108550925484,136,0.20621599986076694,291,4-14,0.5305284719350293,0.5929066215439244,0.49039410735382627,0.2222222222222222,-15.610011086814957,304,238,96.0581493533812,2016
Coastal Carolina,0,0,10,3,168,NA,BSth,15-11,15,11,103.34413138753733,173,102.72476474229117,157,0.5172755393449157,157,12-6,0.38991872134552225,0.559150520352522,0.3267990881998093,0.6666666666666666,-6.837252017274847,155,165,103.03444806491424,2016
Colgate,0,0,5,4,244,NA,Pat,12-17,12,17,102.69467114258018,183,111.45350259080743,306,0.28064923458008895,258,9-9,0.38620549167138557,0.5026458358594743,0.32048392086286803,0.5,-12.072917528409697,247,244.5,107.0740868666938,2016
College of Charleston,0,0,6,7,134,NA,CAA,16-14,16,14,96.28166719479381,305,93.21859097275978,18,0.5918947344783847,127,8-10,0.5220860599672988,0.4628063576966447,0.5588777744084933,0.4444444444444444,-6.999788088863633,160,161.5,94.7501290837768,2016
Colorado,1,0,7,5,36,NA,P12,21-11,21,11,107.92265320211135,100,94.64656922972756,27,0.8189944203820033,53,10-8,0.6673833997023301,0.4864394259485816,0.78733928222877,0.5555555555555556,1.0493428878200333,41,63.5,101.28461121591945,2016
Colorado State,0,0,5,6,181,NA,MWC,16-16,16,16,111.42592793301338,56,109.67451991359033,283,0.5454229779551338,147,8-10,0.5378121485322541,0.48341660460091024,0.5662366373008313,0.4444444444444444,-8.187912002831908,175,169.5,110.55022392330186,2016
Columbia,0,0,8,3,131,NA,Ivy,19-10,19,10,111.16582653261415,60,106.29109388806002,218,0.6261364628594918,118,10-4,0.4470555999111574,0.4299723593431906,0.46535907194826465,0.7142857142857143,-4.032476617413456,109,139,108.72846021033709,2016
Connecticut,1,1,7,6,45,NA,Amer,23-10,23,10,110.12796444055623,70,92.93989420792069,14,0.8756030514544294,33,11-7,0.6209168726322921,0.5239112341567783,0.670665926956809,0.6111111111111112,1.1666397723760042,39,42,101.53392932423846,2016
Coppin State,0,0,5,9,325,NA,MEAC,7-22,7,22,95.14317485146374,311,111.57918745695581,308,0.13793545187696313,323,6-10,0.3779416583391534,0.7120672436213974,0.17343973982106434,0.375,-15.995280556005639,314,309.5,103.36118115420977,2016
Cornell,0,0,3,7,245,NA,Ivy,9-18,9,18,96.80914056105782,298,107.46305646234381,247,0.2313568183812093,281,3-11,0.49715904215671647,0.4718883411538673,0.5206246930879336,0.21428571428571427,-11.36976509979898,237,272.5,102.13609851170082,2016
Creighton,0,0,5,6,100,NA,BE,18-14,18,14,111.76652347105727,51,97.18019106838378,55,0.833164063962319,44,9-9,0.6347401210995263,0.44857879720720195,0.7547150104036999,0.5,-1.5283792566004668,84,53,104.47335726972052,2016
Dartmouth,0,0,3,6,284,NA,Ivy,9-18,9,18,98.9245745780263,265,103.6620800105347,175,0.3686634407379702,216,4-10,0.4441885070625704,0.3827222081374097,0.5012643560645051,0.2857142857142857,-12.232403817271404,249,220,101.29332729428049,2016
Davidson,0,0,7,6,57,NA,A10,19-12,19,12,113.38882505564686,37,106.50408277157355,224,0.6726850753994916,108,10-8,0.622133673620779,0.5551397109772422,0.6540252372884263,0.5555555555555556,-1.7680392621836356,87,130.5,109.94645391361021,2016
Dayton,1,0,9,1,19,NA,A10,25-7,25,7,106.43673331186561,128,92.35518243326595,12,0.8364369673201554,43,14-4,0.6186415104022728,0.6037331235711836,0.6110588597623856,0.7777777777777778,2.770238926732138,27,70,99.39595787256579,2016
Delaware,0,0,2,10,273,NA,CAA,7-23,7,23,100.74230165498133,218,110.27953919869417,291,0.26111041556097847,272,2-16,0.5486347022507871,0.4690688919381218,0.5948549178735925,0.1111111111111111,-14.948123779500968,296,254.5,105.51092042683774,2016
Delaware State,0,0,5,12,345,NA,MEAC,5-25,5,25,88.39497573849275,345,112.66781485920049,318,0.05785443633310514,349,5-11,0.3548028530900785,0.5788419760258458,0.18656703115996073,0.3125,-19.819885024714527,346,331.5,100.53139529884662,2016
Denver,0,0,6,6,192,NA,Sum,16-15,16,15,102.25626778251231,192,103.7092100565947,178,0.459525855214398,181,7-9,0.4390666793907018,0.3421572539336116,0.4932913797632264,0.4375,-9.968648358408535,205,185,102.9827389195535,2016
DePaul,0,0,3,9,201,NA,BE,9-22,9,22,103.57313247365192,171,104.44709201680162,186,0.475861047760239,174,3-15,0.6931210514613266,0.5333693713630984,0.7938166534015616,0.16666666666666666,-8.88708498078401,187,178.5,104.01011224522676,2016
Detroit Mercy,0,0,6,6,199,NA,Horz,14-15,14,15,109.5561210851403,80,110.69188900294313,297,0.4703830321691521,179,9-9,0.49659412167947165,0.5874558953809391,0.4615081281735798,0.5,-8.1410059965534,172,188.5,110.12400504404172,2016
Drake,0,0,2,10,324,NA,MVC,6-24,6,24,102.64886534470281,185,112.06205559306534,314,0.26717657642161585,266,2-16,0.5104167790313212,0.44515198118009586,0.5583405146042646,0.1111111111111111,-16.59666601105984,321,249.5,107.35546046888408,2016
Drexel,0,0,2,9,248,NA,CAA,6-24,6,24,98.61052014935515,271,105.6411561659308,206,0.3117381203281865,247,3-15,0.5791865779866475,0.5589383887594749,0.5892955285591569,0.16666666666666666,-16.038423054392847,315,238.5,102.12583815764297,2016
Duke,1,0,8,5,20,NA,ACC,23-10,23,10,121.23582655136303,5,98.93611904024618,81,0.9119377164453019,21,11-7,0.7364290154966096,0.627337479609757,0.8095756974895907,0.6111111111111112,4.646255406442083,16,43,110.08597279580461,2016
Duquesne,0,0,4,10,156,NA,A10,15-16,15,16,106.99138924218815,115,103.70873404177553,177,0.5886441634223046,130,6-12,0.5402998278506373,0.38736391343796356,0.6540066849580426,0.3333333333333333,-7.525527848844653,168,146,105.35006164198184,2016
East Carolina,0,0,4,9,216,NA,Amer,12-20,12,20,102.51808823101996,187,104.48255542461558,188,0.4456456417635027,187,4-14,0.5661536601885037,0.44111430557853587,0.6690857957872649,0.2222222222222222,-10.275995118560143,212,187.5,103.50032182781777,2016
East Tennessee State,0,0,9,2,87,NA,SC,21-11,21,11,105.74401496395244,142,106.78993820746444,227,0.471733012859769,177,14-4,0.44702836338791596,0.5560304560746041,0.37058189634602123,0.7777777777777778,-4.874288392146065,121,184.5,106.26697658570845,2016
Eastern Illinois,0,0,8,3,271,NA,OVC,11-17,11,17,99.44837049869,248,108.64229228899862,266,0.26564052936544935,267,9-7,0.41167811453496145,0.4946259915960167,0.3470313901517081,0.5625,-12.127551523735175,248,257,104.04533139384431,2016
Eastern Kentucky,0,0,4,5,211,NA,OVC,14-16,14,16,105.62178682231891,143,109.34150120968962,275,0.40178559572052364,203,6-10,0.4051167956651198,0.4255092798910555,0.387273371967426,0.375,-10.290624317442031,213,209,107.48164401600427,2016
Eastern Michigan,0,0,7,3,114,NA,MAC,14-15,14,15,105.98674865836527,136,104.69036493072076,192,0.53532363946789,149,9-9,0.5501717818219702,0.5968350831312197,0.5168755686382187,0.5,-7.506087123388648,167,164,105.33855679454302,2016
Eastern Washington,0,0,7,5,234,NA,BSky,15-15,15,15,111.47061520020137,55,112.50582907483724,316,0.4734484457948234,175,10-8,0.3551486625310948,0.5028221689502141,0.28661894545584954,0.5555555555555556,-10.503673975464833,216,185.5,111.9882221375193,2016
Elon,0,0,4,8,160,NA,CAA,14-16,14,16,104.88885700632743,155,105.1128078027252,201,0.49386836759724306,163,7-11,0.5373030808236537,0.505122114720075,0.5695006134699707,0.3888888888888889,-8.166596334002191,173,178,105.0008324045263,2016
Evansville,0,0,7,2,93,NA,MVC,24-9,24,9,105.36692489125292,146,97.45768341336668,61,0.7104048093748557,97,12-6,0.4837678547946476,0.4329341717570274,0.5101045595964678,0.6666666666666666,-1.1505586098578566,80,103.5,101.4123041523098,2016
Fairfield,0,0,9,4,143,NA,MAAC,19-13,19,13,104.04629308632698,163,105.93767640079064,211,0.448391227386589,182,12-8,0.4378148571166452,0.4963159342072417,0.3990744921131083,0.6,-6.844466745885763,157,187,104.99198474355882,2016
Fairleigh Dickinson,1,1,7,2,205,NA,NEC,17-14,17,14,103.9585822926359,165,115.267659394873,340,0.23369924181303017,278,11-7,0.31347673603316034,0.5095694994729973,0.20743601184898136,0.6111111111111112,-9.719229786974209,199,252.5,109.61312084375444,2016
Florida,0,0,5,8,54,NA,SEC,19-14,19,14,109.23285472156934,84,93.10582935301474,15,0.8626016382022155,36,9-9,0.731278570804136,0.6452407611596863,0.7805566995194881,0.5,0.5043341085138238,50,49.5,101.16934203729204,2016
Florida A&M,0,0,3,13,349,NA,MEAC,6-21,6,21,83.11434757203244,351,107.11438541179294,238,0.05130401575157058,350,4-12,0.26991979341326616,0.40152997251616185,0.17943779528002546,0.25,-18.17475003471902,336,294.5,95.11436649191269,2016
Florida Atlantic,0,0,3,12,303,NA,CUSA,7-24,7,24,95.04859068669262,314,108.34733761451483,261,0.1815368056956579,301,5-13,0.4697725975374072,0.5799035026369312,0.4083834892169306,0.2777777777777778,-17.01071371560049,324,287.5,101.69796415060372,2016
Florida Gulf Coast,1,1,6,2,214,NA,ASun,16-13,16,13,102.70612753890302,182,103.67515007593622,176,0.4730280201451681,176,8-6,0.3954861138279764,0.4998419271082401,0.3140444998407968,0.5714285714285714,-8.216665183688427,176,179,103.19063880741962,2016
Florida International,0,0,3,9,270,NA,CUSA,11-19,11,19,102.23928565433314,193,107.47846073855374,248,0.36015158739983605,222,7-11,0.38615762218156857,0.3807318665504256,0.38871318326479687,0.3888888888888889,-14.413886310278068,288,220.5,104.85887319644344,2016
Florida State,0,0,6,11,79,NA,ACC,19-13,19,13,112.21260454024409,47,99.03720643081037,85,0.8078883001132269,56,8-10,0.6838469053599244,0.49635151483412315,0.8217079062315508,0.4444444444444444,0.510817996982594,49,66,105.62490548552722,2016
Fordham,0,0,6,8,174,NA,A10,16-13,16,13,102.03037931876153,198,100.7098236124757,120,0.5373834707565506,148,8-10,0.5128845046137608,0.25619826955341674,0.6446259062696824,0.4444444444444444,-5.738189474561338,133,159,101.37010146561862,2016
Fresno State,1,1,10,2,73,NA,MWC,23-9,23,9,105.96717549966078,137,100.120862466789,112,0.6576051230619886,110,13-5,0.5425896708365817,0.47728650147772905,0.5573312463618666,0.7222222222222222,-0.5478008326177838,67,124.5,103.0440189832249,2016
Furman,0,0,8,3,167,NA,SC,16-15,16,15,103.71216527397317,170,105.95227974672568,212,0.4388703652184837,193,11-7,0.40341661020026737,0.44798905330137073,0.3741425263629886,0.6111111111111112,-9.881133968012458,204,191,104.83222251034942,2016
Gardner-Webb,0,0,5,5,215,NA,BSth,14-16,14,16,99.76777381405408,242,105.63205314491341,205,0.34144952491849695,228,10-8,0.4099499991249348,0.6062410471393619,0.3116405623485122,0.5555555555555556,-10.110989800183846,207,223.5,102.69991347948374,2016
George Mason,0,0,4,12,198,NA,A10,11-21,11,21,101.49966407008984,206,103.54307136185636,172,0.4429445641146304,190,5-13,0.6063651638406131,0.5339495032020203,0.6711127896091909,0.2777777777777778,-11.273843249976272,233,189,102.5213677159731,2016
George Washington,0,0,7,5,67,NA,A10,23-10,23,10,112.90181928806219,39,99.93049772978519,109,0.8027390357290601,58,11-7,0.583150317838409,0.5002019088237329,0.6397085798203377,0.6111111111111112,-0.4033268881510801,63,74,106.41615850892369,2016
Georgetown,0,0,2,8,105,NA,BE,15-18,15,18,110.83578641845659,65,98.37531613993687,72,0.7976203777153694,62,7-11,0.6786109461275852,0.5620641059962895,0.7586828818554943,0.3888888888888889,-3.853303149670432,107,68.5,104.60555127919673,2016
Georgia,0,0,6,6,60,NA,SEC,19-13,19,13,107.2861385988478,109,95.31705950745217,32,0.7958153617801075,63,10-8,0.7061263471017061,0.6147878252699357,0.7389397026632203,0.5555555555555556,-0.4387116033970141,64,70.5,101.30159905314999,2016
Georgia Southern,0,0,7,5,235,NA,SB,12-17,12,17,103.77574051890593,168,108.07175193787627,257,0.3854506215410255,209,10-10,0.4433524333122217,0.4243798099584313,0.4594100921806068,0.5,-11.181731977723619,231,212.5,105.92374622839111,2016
Georgia State,0,0,4,6,177,NA,SB,14-14,14,14,99.21185757635465,257,99.93747952258775,111,0.47906141910968153,173,9-11,0.4692927825097876,0.5389333286587675,0.4502726999118704,0.45,-8.349974284956097,178,184,99.5746685494712,2016
Georgia Tech,0,0,7,11,66,NA,ACC,19-14,19,14,112.74819203308809,41,98.75913482082497,79,0.8210444721595033,51,8-10,0.7093397290377939,0.5256823420191702,0.8219855297476187,0.4444444444444444,0.36593327175726054,53,60,105.75366342695654,2016
Gonzaga,1,1,9,1,43,NA,WCC,25-7,25,7,117.32279447226898,18,96.24824038048098,42,0.9069526108090085,22,15-3,0.5716539295092524,0.6476371450473021,0.5017937644682017,0.8333333333333334,2.4273645055116657,30,30,106.78551742637498,2016
Grambling,0,0,1,10,350,NA,SWAC,4-24,4,24,85.98241574612442,349,110.98512928102377,298,0.050430418836821804,351,4-14,0.3322036850826805,0.6267453451680114,0.19870181230637174,0.2222222222222222,-19.553834372836846,345,323.5,98.4837725135741,2016
Grand Canyon,0,0,8,2,92,NA,WAC,23-6,23,6,103.86995343724654,167,100.91740814587146,127,0.5821554705810476,134,11-3,0.37627450802591933,0.42266214901689175,0.32657346410702054,0.7857142857142857,-0.8178440950507024,71,147,102.393680791559,2016
Green Bay,1,1,7,4,113,NA,Horz,21-12,21,12,106.96531076562574,116,104.49450941954899,189,0.566787388699266,140,11-7,0.4913857903004351,0.5305836887485758,0.4510659184888844,0.6111111111111112,-4.2161360691846,112,152.5,105.72991009258737,2016
Hampton,1,1,9,1,164,NA,MEAC,20-10,20,10,98.0823154981893,281,106.8394554779707,230,0.27220133986418127,264,13-3,0.2988519501847671,0.5213860048081869,0.16650099542037955,0.8125,-6.127714515269868,142,255.5,102.46088548808001,2016
Hartford,0,0,3,7,291,NA,AE,9-23,9,23,99.24052577752431,256,114.37925625927198,337,0.16346182059200645,311,4-12,0.38504641131049516,0.40167395836592196,0.33215031513585,0.25,-17.447572791552474,330,296.5,106.80989101839815,2016
Harvard,0,0,5,4,191,NA,Ivy,12-16,12,16,98.92521945361821,264,99.29343372372648,93,0.48932031653609354,166,6-8,0.5054713763776876,0.5265080408746862,0.484434711880689,0.42857142857142855,-8.691477440314102,183,178.5,99.10932658867235,2016
Hawaii,1,1,9,1,89,NA,BW,25-5,25,5,106.87412391161826,119,95.81651580431888,38,0.7783353125963703,68,13-3,0.4657070851900097,0.39788728126051925,0.4899449199685261,0.8125,1.0702523641891695,40,78.5,101.34531985796858,2016
High Point,0,0,8,1,159,NA,BSth,18-10,18,10,108.88835560170475,90,108.6709442618945,267,0.5057458384420773,160,13-5,0.3818409226273251,0.5526357813403121,0.30763241509428246,0.7222222222222222,-5.488907721914817,129,178.5,108.77964993179963,2016
Hofstra,0,0,10,1,55,NA,CAA,23-9,23,9,109.78912664148866,76,102.6165624399404,154,0.6850255703403294,106,14-4,0.5350969476025902,0.4996677595814429,0.5487320126484708,0.7777777777777778,-1.286101964387793,82,115,106.20284454071452,2016
Holy Cross,1,1,3,9,251,NA,Pat,14-19,14,19,96.69925611777686,301,107.57979542535435,250,0.22684507154899305,284,5-13,0.35865133462745086,0.38084016652613395,0.3264194307913319,0.2777777777777778,-14.27031937054123,287,275.5,102.1395257715656,2016
Houston,0,0,9,3,86,NA,Amer,22-9,22,9,116.7213771097673,22,104.06233484154492,183,0.7892142322972456,65,12-6,0.5326375840730836,0.3536654315446491,0.6588691780720405,0.6666666666666666,-0.9470219841673523,75,102.5,110.39185597565611,2016
Houston Baptist,0,0,4,5,224,NA,Slnd,13-16,13,16,100.54504989109498,222,113.15476534931634,326,0.20444647562567292,292,10-8,0.39063815158099424,0.5923700166818616,0.2802495877811396,0.5555555555555556,-10.57880635010671,219,274,106.84990762020566,2016
Howard,0,0,3,9,328,NA,MEAC,10-20,10,20,92.28069004733882,333,108.92656988914854,270,0.1293014473039192,332,6-10,0.31249254286350475,0.4766417184010251,0.18719174515061487,0.375,-15.959051522087291,311,301.5,100.60362996824368,2016
Idaho,0,0,8,3,189,NA,BSky,19-12,19,12,97.97614463322319,282,102.42951333693435,150,0.37491579986522194,211,12-6,0.3825221136509407,0.5005956901450829,0.2973094576502612,0.6666666666666666,-7.384698061526569,164,216,100.20282898507877,2016
Idaho State,0,0,8,4,256,NA,BSky,14-15,14,15,98.66172960833126,269,107.6481638594121,251,0.26845666317253064,265,11-7,0.35957710344324073,0.44396630345228905,0.30788192644390305,0.6111111111111112,-10.68776913026254,223,260,103.15494673387167,2016
Illinois,0,0,4,12,146,NA,B10,15-19,15,19,105.51091281478392,144,101.6754318049968,135,0.6048774511792356,122,5-13,0.6449708805203278,0.5163507828456534,0.7197974851110791,0.2777777777777778,-6.852431100114805,158,139.5,103.59317230989036,2016
Illinois-Chicago,0,0,3,10,346,NA,Horz,3-25,3,25,89.62725052877906,343,105.95348986904986,213,0.12736956027223947,333,3-15,0.4856287229053744,0.44682139042708496,0.49922850130910135,0.16666666666666666,-19.374169883945473,344,278,97.79037019891446,2016
Illinois State,0,0,9,2,115,NA,MVC,17-14,17,14,103.09279192576886,177,98.39676420036395,73,0.6309158649883205,117,12-6,0.5422793302166056,0.5859403151279362,0.518790062304944,0.6666666666666666,-5.202824914023592,125,125,100.7447780630664,2016
Incarnate Word,0,0,8,3,162,NA,Slnd,14-11,14,11,99.39121062522345,252,110.53916238044238,294,0.22749308655511344,283,12-6,0.35601459622840154,0.5919713618420798,0.26425363182308215,0.6666666666666666,-6.139231345342644,143,273,104.96518650283292,2016
Indiana,1,0,9,1,22,NA,B10,25-7,25,7,120.51840236159896,6,97.38649184416656,59,0.9206215310936094,12,15-3,0.6206016597364438,0.4686034848338725,0.7189271501586351,0.8333333333333334,3.554487720653747,25,32.5,108.95244710288276,2016
Indiana State,0,0,4,6,172,NA,MVC,14-17,14,17,97.46590056117498,292,99.49087513909642,97,0.44115433369150503,191,8-10,0.5495964593077031,0.5443281511396492,0.5393644389800724,0.4444444444444444,-8.56638953370891,181,194.5,98.4783878501357,2016
Iona,1,1,10,2,78,NA,MAAC,22-10,22,10,109.39203559110447,83,101.81500789982161,139,0.695397617480622,102,16-4,0.4647925800662917,0.6256089589942592,0.37492753375144827,0.8,-3.2969912492190785,97,111,105.60352174546304,2016
Iowa,1,0,6,3,28,NA,B10,21-10,21,10,115.17609452922909,26,94.74709981709758,28,0.9042518198233028,23,12-6,0.6681124720491757,0.5429635834720997,0.7550581211488726,0.6666666666666666,2.3038043466949025,32,27,104.96159717316334,2016
Iowa State,1,0,6,5,21,NA,B12,21-11,21,11,121.30094216681493,4,98.18826262870726,69,0.9191579591450064,16,10-8,0.7356701697293239,0.5692025134493839,0.8449168652791227,0.5555555555555556,3.9434225308592143,19,36.5,109.7446023977611,2016
IUPUI,0,0,6,4,188,NA,Sum,12-19,12,19,98.21271865431757,277,102.0397185969246,143,0.39183539827983954,206,9-7,0.5390914948322051,0.5830032013592649,0.5015519772936132,0.5625,-10.649305349578913,221,210,100.12621862562108,2016
Jackson State,0,0,8,3,220,NA,SWAC,17-15,17,15,93.19092182666256,325,101.07565856419873,131,0.28211011432102046,257,12-6,0.28662433889301603,0.5060828289100199,0.17270636943437037,0.6666666666666666,-10.580555801857905,220,228,97.13329019543065,2016
Jacksonville,0,0,7,2,289,NA,ASun,12-16,12,16,100.1246497690022,232,108.00791249409491,256,0.2949279972882425,254,8-6,0.3720150779304498,0.4181457058943772,0.33896163470621415,0.5714285714285714,-11.513596920252787,238,244,104.06628113154855,2016
Jacksonville State,0,0,3,6,309,NA,OVC,6-23,6,23,97.27269866655723,293,108.93124250486639,271,0.2138650974541457,289,4-12,0.4187611430780516,0.428530506381665,0.41082353539386574,0.25,-17.7505553615313,334,282,103.10197058571181,2016
James Madison,0,0,7,3,103,NA,CAA,20-11,20,11,105.95274899018068,138,98.43101055277472,74,0.6999015876582423,100,11-7,0.5187271508964888,0.4590379362797245,0.54710287164927,0.6111111111111112,-4.041232381529826,110,106,102.1918797714777,2016
Kansas,1,1,11,1,1,NA,B12,29-4,29,4,121.3339486862744,3,90.80892758613325,5,0.9655295428065606,1,15-3,0.7594966887446999,0.604862645040661,0.8395847247973351,0.8333333333333334,12.005456655047123,1,4,106.07143813620382,2016
Kansas State,0,0,4,8,88,NA,B12,17-16,17,16,108.72706156074179,92,93.60170531448972,22,0.8484646313740452,40,5-13,0.7117492257000185,0.4945132886360861,0.8529262782599152,0.2777777777777778,-0.9895234606889777,76,57,101.16438343761575,2016
Kennesaw State,0,0,6,5,260,NA,ASun,9-20,9,20,100.79354075101418,217,108.38372134590544,263,0.3026011745963212,251,7-7,0.47887902812593036,0.614561926326351,0.33788007847233825,0.5,-12.734775889928478,261,240,104.5886310484598,2016
Kent State,0,0,5,3,122,NA,MAC,18-13,18,13,105.11169569406599,149,106.46294969854138,221,0.4633421352804228,180,10-8,0.4693790024232357,0.423685668046742,0.5114667971313156,0.5555555555555556,-6.745650691390303,154,185,105.78732269630368,2016
Kentucky,1,1,8,1,11,NA,SEC,25-8,25,8,124.357082570866,1,95.45263416126008,34,0.95443850445857,4,13-5,0.702068421318754,0.6018962208008188,0.7660160395436493,0.7222222222222222,4.745029624910213,15,17.5,109.90485836606304,2016
La Salle,0,0,3,14,232,NA,A10,8-22,8,22,99.29796672030858,255,105.65466355327473,207,0.3288073728682403,235,4-14,0.6227515082867613,0.5245974211423219,0.6764023221308803,0.2222222222222222,-12.306825969922688,250,231,102.47631513679165,2016
Lafayette,0,0,1,10,329,NA,Pat,6-24,6,24,99.08302212077356,261,114.28504960939739,335,0.16226336444946832,312,3-15,0.3748961711163679,0.43197555032560575,0.33361584383400744,0.16666666666666666,-19.215015174315038,343,298,106.68403586508548,2016
Lamar,0,0,1,13,337,NA,Slnd,7-19,7,19,94.92827836792145,316,112.9534969630003,322,0.11927355364521569,335,3-15,0.2926993371290517,0.3420401744118251,0.2707700761144857,0.16666666666666666,-15.769452965736276,307,319,103.94088766546088,2016
Lehigh,0,0,10,2,165,NA,Pat,16-15,16,15,104.24490250476963,162,104.85892220726484,195,0.4831218677946158,171,13-5,0.38565641671055106,0.5960764099835437,0.2984432412508877,0.7222222222222222,-9.432250734009344,196,178.5,104.55191235601723,2016
Liberty,0,0,8,5,263,NA,BSth,10-19,10,19,98.1256769130747,280,109.89602228108592,286,0.2136967950048816,290,10-8,0.4143986497030779,0.5256761032801802,0.34481729415422785,0.5555555555555556,-13.827185062480648,280,283,104.01084959708031,2016
Lipscomb,0,0,7,5,268,NA,ASun,10-21,10,21,101.52544829022918,204,109.38897471698229,276,0.297776800624932,253,7-7,0.4262282599031832,0.5287512326654699,0.33855996817166495,0.5,-15.727114891629617,305,240,105.45721150360573,2016
Little Rock,1,1,10,1,50,NA,SB,26-4,26,4,107.20353269889706,110,97.10283610015554,53,0.7573166810932874,76,17-3,0.44628039579222484,0.4824517316276724,0.42298576656068987,0.85,2.072639041794862,36,81.5,102.15318439952631,2016
Long Island University,0,0,6,6,254,NA,NEC,16-15,16,15,100.16377847439844,231,111.05024822861068,302,0.23388087336659302,277,9-9,0.25329295306438443,0.3126565554258081,0.20741591345563393,0.5,-12.376069936062125,253,266.5,105.60701335150456,2016
Longwood,0,0,3,8,322,NA,BSth,7-23,7,23,99.20843878709985,258,113.25898965616831,330,0.1789875973335125,302,5-13,0.38533709696433777,0.46461552724638366,0.3447170884283393,0.2777777777777778,-18.431392197350647,338,294,106.23371422163407,2016
Louisiana,0,0,7,4,154,NA,SB,15-14,15,14,108.15996670257016,96,104.91722692487122,196,0.5866309579046218,132,12-8,0.4779330834354152,0.5761566157504723,0.4397833092753093,0.6,-7.291693284747133,162,146,106.53859681372069,2016
Louisiana-Monroe,0,0,11,2,107,NA,SB,18-12,18,12,108.06216799421198,98,103.04344801502603,161,0.6334145858145709,116,15-5,0.4765845822030596,0.545071959678149,0.43520699589442746,0.75,-5.43543017665005,127,129.5,105.55280800461901,2016
Louisiana State,0,0,6,3,91,NA,SEC,19-14,19,14,112.3244277390881,46,100.16922383423227,113,0.788698685926605,66,11-7,0.6709277183215094,0.4857259981926123,0.7877509590174443,0.6111111111111112,-1.4371417492288514,83,79.5,106.24682578666018,2016
Louisiana Tech,0,0,9,3,120,NA,CUSA,21-9,21,9,102.89529493217279,180,103.19267093106268,166,0.49170375503227487,164,12-6,0.38686623011434446,0.44183344074268277,0.3384112175394083,0.6666666666666666,-4.121417535159241,111,173,103.04398293161773,2016
Louisville,0,0,7,4,17,NA,ACC,23-8,23,8,111.08113911151115,63,89.80543674623505,2,0.9202007033071422,14,12-6,0.6444978515342504,0.40137564773482015,0.8200861098338387,0.6666666666666666,4.579467958011546,17,32.5,100.4432879288731,2016
Loyola (IL),0,0,6,8,242,NA,MVC,14-17,14,17,99.95447521601756,236,100.39688411237086,114,0.48730575807128496,167,7-11,0.5037226721822825,0.44913365912845066,0.5343649500122017,0.3888888888888889,-8.986457019235562,190,175,100.1756796641942,2016
Loyola (MD),0,0,5,8,257,NA,Pat,9-21,9,21,100.51075442061656,224,110.45672341102062,293,0.25253657120855677,274,8-10,0.39828769555625165,0.5408057877205565,0.3235792004528375,0.4444444444444444,-15.976917313394454,312,258.5,105.48373891581859,2016
Loyola Marymount,0,0,5,7,225,NA,WCC,13-17,13,17,103.18744216150738,176,106.7177278797013,225,0.4044730588245655,201,6-12,0.5227976897854032,0.45108536165507707,0.5569683463390211,0.3333333333333333,-8.690990400285585,182,200.5,104.95258502060435,2016
Maine,0,0,2,7,317,NA,AE,8-22,8,22,94.87793651485214,317,113.6837591229308,332,0.11110161552529756,336,4-12,0.3688190170623827,0.38724066317430245,0.3387915153612127,0.25,-17.162048344199327,327,324.5,104.28084781889146,2016
Manhattan,0,0,5,6,231,NA,MAAC,13-18,13,18,98.69695358060922,268,105.06537866763392,200,0.32759551874198695,239,9-11,0.4384840966976839,0.5031043849578629,0.41089593312791506,0.45,-12.323960760097407,251,234,101.88116612412156,2016
Marist,0,0,3,11,316,NA,MAAC,7-23,7,23,101.06693753377567,213,115.77722735549375,343,0.17326303310542665,304,4-16,0.40481409794221906,0.36579161512349695,0.42623514417054087,0.2,-18.613682552600725,340,278,108.42208244463471,2016
Marquette,0,0,7,7,110,NA,BE,20-13,20,13,108.1322353008786,97,98.70516730255312,77,0.7405832432854397,84,8-10,0.609132189864819,0.38904592294105345,0.7649978581620672,0.4444444444444444,-0.6509475937843884,68,87,103.41870130171586,2016
Marshall,0,0,7,3,124,NA,CUSA,17-16,17,16,109.95262174016761,73,107.57609522450906,249,0.5624934152622016,141,12-6,0.4937030809734348,0.5941300269652131,0.4213627528051449,0.6666666666666666,-8.442906244558847,179,161,108.76435848233834,2016
Maryland,1,0,7,3,13,NA,B10,24-8,24,8,114.81177736242904,27,95.86037770058502,39,0.8884113328973521,29,12-6,0.6649695265585986,0.50977318884726,0.7490146933872203,0.6666666666666666,4.299579602288179,18,33,105.33607753150703,2016
Maryland-Baltimore County,0,0,2,9,336,NA,AE,7-25,7,25,98.64085117623227,270,117.17735578069146,346,0.12128298783658809,334,3-13,0.3611782393361605,0.3614497970030034,0.3374939753368783,0.1875,-20.320202179428716,348,308,107.90910347846187,2016
Maryland-Eastern Shore,0,0,6,6,307,NA,MEAC,9-22,9,22,98.14684897338246,279,112.90669398544483,321,0.16643388695213363,309,7-9,0.37530818348101863,0.6278062496297542,0.16612603926231526,0.4375,-15.295203654048024,299,300,105.52677147941364,2016
Massachusetts,0,0,5,10,169,NA,A10,14-18,14,18,102.03662238847906,197,100.98398443982126,128,0.5297780582988768,152,6-12,0.5888633893906176,0.45997474778451314,0.6496278347542724,0.3333333333333333,-8.320695871390946,177,162.5,101.51030341415016,2016
Massachusetts-Lowell,0,0,5,5,264,NA,AE,10-18,10,18,99.427296875484,250,114.93609357917558,339,0.15883524225482815,313,7-9,0.3793275869326297,0.44145226132648524,0.33273408113723807,0.4375,-13.042779396643684,264,294.5,107.18169522732978,2016
McNeese State,0,0,5,8,341,NA,Slnd,7-19,7,19,96.96590790144188,295,114.37492121928743,336,0.13023218457503805,329,7-11,0.34994146957966143,0.7393743230822704,0.210518520745941,0.3888888888888889,-13.986286840124448,284,315.5,105.67041456036466,2016
Memphis,0,0,5,7,140,NA,Amer,19-14,19,14,106.56245341966871,125,96.31991967166215,44,0.7617222452834084,71,8-10,0.551776640657992,0.4221137144572968,0.6419398994687175,0.4444444444444444,-4.866753903245692,120,84.5,101.44118654566543,2016
Mercer,0,0,4,7,194,NA,SC,16-15,16,15,104.98099228210644,152,107.35434789375476,243,0.4360789995368968,195,8-10,0.3979684707339956,0.45189234222640573,0.374445136191232,0.4444444444444444,-10.245759211436848,210,197.5,106.1676700879306,2016
Miami (FL),1,0,9,2,9,NA,ACC,25-7,25,7,118.25142365621531,13,95.87459857259864,40,0.9177663257723125,17,13-5,0.7356538018569126,0.5988227869630447,0.8129218082044245,0.7222222222222222,7.2765399183830075,8,26.5,107.06301111440698,2016
Miami (OH),0,0,6,5,193,NA,MAC,12-20,12,20,96.13797136395229,306,103.53226341074722,171,0.2989846279674124,252,6-12,0.5086754852854529,0.4542026765123284,0.5376849645844527,0.3333333333333333,-13.09593038568975,265,238.5,99.83511738734975,2016
Michigan,1,0,6,8,56,NA,B10,21-12,21,12,114.27336682529548,30,99.75523434624618,105,0.8267191058701651,46,10-8,0.6558306349380739,0.48553844932481677,0.7333077275557306,0.5555555555555556,1.1779519144567678,38,67.5,107.01430058577083,2016
Michigan State,1,1,10,2,14,NA,B10,28-5,28,5,122.40194374212342,2,94.58883182101019,26,0.9509380268347433,5,13-5,0.6416133929058427,0.5255897732345862,0.7056870628510983,0.7222222222222222,6.87708997820905,10,14,108.4953877815668,2016
Middle Tennessee,1,1,8,2,85,NA,CUSA,22-9,22,9,102.27897011587606,191,99.30109658644383,94,0.5841409364573233,133,13-5,0.46502371991002484,0.5691518893172447,0.39639329990878774,0.7222222222222222,-2.888106695130156,94,142.5,100.79003335115995,2016
Milwaukee,0,0,6,5,178,NA,Horz,18-13,18,13,111.35290062320321,57,106.84299883098822,231,0.6166742665905054,120,10-8,0.46483956015387884,0.5030508801876248,0.4456499183174913,0.5555555555555556,-6.487817818766197,151,144,109.09794972709571,2016
Minnesota,0,0,2,13,255,NA,B10,8-23,8,23,99.78020267416997,241,102.63281584557777,155,0.4196619674193002,198,2-16,0.6524927589861821,0.5189569118202909,0.7441619519749223,0.1111111111111111,-12.411623427232616,255,198,101.20650925987387,2016
Mississippi,0,0,8,6,95,NA,SEC,20-12,20,12,111.1050670714155,61,100.59265949934866,118,0.7582420575640102,74,10-8,0.626007622943068,0.4573574398809242,0.740394125343544,0.5555555555555556,-1.0868719765585113,78,89.5,105.84886328538208,2016
Mississippi State,0,0,6,11,149,NA,SEC,14-17,14,17,109.09632716550388,85,98.97693841324785,82,0.7538885423620895,78,7-11,0.6418258381941039,0.42665196124874205,0.7767201159584523,0.3888888888888889,-5.912508945592003,139,83.5,104.03663278937586,2016
Mississippi Valley State,0,0,4,7,330,NA,SWAC,8-27,8,27,90.20416143918538,342,110.98812643496349,299,0.08436245428847686,345,6-12,0.3378948547835464,0.5587681692471544,0.19481039980752096,0.3333333333333333,-21.332220094490378,350,320.5,100.59614393707443,2016
Missouri,0,0,2,14,222,NA,SEC,10-21,10,21,102.92548762463059,179,102.3659197007999,148,0.5156678264134952,158,3-15,0.6672451801292097,0.49932510633024274,0.7885207889840196,0.16666666666666666,-9.122535075426237,192,163.5,102.64570366271525,2016
Missouri-Kansas City,0,0,3,6,286,NA,WAC,9-19,9,19,101.93233432728147,201,110.99308661752005,300,0.273025700597973,262,4-10,0.471013361781826,0.5928618270217515,0.3697841841679653,0.2857142857142857,-12.67689417282077,260,250.5,106.46271047240076,2016
Missouri State,0,0,5,6,238,NA,MVC,12-19,12,19,99.85086572040998,237,104.74874475897929,193,0.36570231508278006,218,8-10,0.5528796644899187,0.573238921795026,0.5475588929804162,0.4444444444444444,-10.323910676075371,215,215,102.29980523969463,2016
Monmouth,0,0,11,1,53,NA,MAAC,27-7,27,7,106.08191622441007,134,97.30183055539047,58,0.729784315070512,87,17-3,0.46496742707312416,0.6239330558106763,0.3715297149089827,0.85,0.07019719149636394,58,96,101.69187338990027,2016
Montana,0,0,8,2,142,NA,BSky,18-11,18,11,104.77151980268548,157,103.80520251308293,180,0.5266142480890518,155,14-4,0.4008083241563844,0.6747895136141362,0.28127787111373365,0.7777777777777778,-5.5327389770270266,131,168.5,104.2883611578842,2016
Montana State,0,0,7,7,261,NA,BSky,13-17,13,17,106.17950349734534,131,111.83691851525701,312,0.35503668993511805,225,9-9,0.38589829969001893,0.5420947130717555,0.29989013778385704,0.5,-12.066263560763996,246,221.5,109.00821100630117,2016
Morehead State,0,0,9,2,127,NA,OVC,17-12,17,12,103.2007438349097,175,102.77067585592746,159,0.5120037008770516,159,11-5,0.4439689872059787,0.5471369082236401,0.37493752675683023,0.6875,-6.183403797937667,145,167,102.98570984541858,2016
Morgan State,0,0,5,9,327,NA,MEAC,8-22,8,22,93.93811147103747,323,106.72834429353759,226,0.1872495648977466,299,6-10,0.3343840087244967,0.5507627084714004,0.1864832833288254,0.375,-17.24716361832694,328,274.5,100.33322788228753,2016
Mount St. Mary's,0,0,5,5,246,NA,NEC,14-19,14,19,92.55348567184578,331,100.78738722615974,122,0.2728709533892729,263,10-8,0.33772653385950197,0.5340942150227074,0.20311456370108205,0.5555555555555556,-13.668634696458216,275,226.5,96.67043644900275,2016
Murray State,0,0,8,1,170,NA,OVC,15-14,15,14,106.67330920399189,122,105.43205447017823,202,0.5335990569961149,150,10-6,0.42853005148291407,0.5973520042894612,0.31742845097367606,0.625,-8.734860316684534,185,162,106.05268183708506,2016
Navy,0,0,4,4,217,NA,Pat,18-14,18,14,99.02338853182123,262,102.18783636722074,146,0.41053583667726995,199,9-9,0.3500839743824728,0.4168939045241859,0.30631069042161096,0.5,-9.831691648404039,203,204,100.60561244952098,2016
Nebraska,0,0,3,11,163,NA,B10,16-18,16,18,109.58854309671949,79,100.57313289339527,117,0.7285440759028862,89,6-12,0.6094047631489852,0.44136826642224664,0.7207480990496067,0.3333333333333333,-5.216673841877925,126,98,105.08083799505738,2016
Nevada,0,0,7,4,119,NA,MWC,17-13,17,13,97.64857161859419,290,95.77924926402486,37,0.5553431101115205,143,10-8,0.5619599581213734,0.49847549017396153,0.5763117171313199,0.5555555555555556,-4.824957735899409,119,163.5,96.71391044130952,2016
Nevada-Las Vegas,0,0,5,6,148,NA,MWC,16-15,16,15,103.21358313724951,174,98.04007885336607,67,0.6436810680026763,113,8-10,0.5674912914659874,0.5790819974822272,0.5786782812361275,0.4444444444444444,-5.985428560522512,140,120.5,100.62683099530778,2016
New Hampshire,0,0,9,3,180,NA,AE,17-12,17,12,98.30242986943287,276,105.53524437455107,203,0.3065163544017375,250,11-5,0.3493711622797021,0.3964647513754161,0.3143356607183122,0.6875,-7.387267114398384,165,239.5,101.91883712199197,2016
New Mexico,0,0,6,4,141,NA,MWC,17-15,17,15,108.37489354993642,93,101.54803787021402,134,0.6787954316500245,107,10-8,0.5539946741635869,0.5355997660390612,0.5672049724787809,0.5555555555555556,-6.507248151993938,152,113.5,104.96146571007522,2016
New Mexico State,0,0,11,1,106,NA,WAC,21-10,21,10,101.79129392010304,203,96.39942053078178,46,0.6515547850348755,112,13-1,0.4142952408895692,0.4946440289505251,0.3168702783537726,0.9285714285714286,-3.8897248625016925,108,124.5,99.09535722544241,2016
New Orleans,0,0,5,9,343,NA,Slnd,7-20,7,20,95.11973760269015,312,111.59129717552261,309,0.1374508701166845,324,6-12,0.3213447892378516,0.5485822042597559,0.23004716576416742,0.3333333333333333,-16.30723136724417,316,310.5,103.35551738910638,2016
Niagara,0,0,2,10,318,NA,MAAC,7-25,7,25,93.18109358093919,326,107.07954900511288,236,0.16814766519917676,307,5-15,0.430194903117307,0.4445969180098395,0.42675048489580547,0.25,-19.146779239755354,342,281,100.13032129302604,2016
Nicholls State,0,0,5,9,310,NA,Slnd,8-23,8,23,91.2582858539368,337,107.3737110343553,244,0.13352457406872406,327,6-12,0.39229254724201157,0.695879219264929,0.22396096481458466,0.3333333333333333,-16.50956463861516,319,290.5,99.31599844414605,2016
NJIT,0,0,8,2,207,NA,ASun,16-14,16,14,100.18611457907068,230,105.75093772531342,208,0.34940480980327226,226,8-6,0.3931301577746736,0.46531073449613536,0.33130321925571143,0.5714285714285714,-8.552104440008845,180,219,102.96852615219206,2016
Norfolk State,0,0,9,2,221,NA,MEAC,15-16,15,16,104.45836808749192,160,111.78138397836372,311,0.3144925462314924,245,12-4,0.35794078652953937,0.6173859582875687,0.16511258407333923,0.75,-10.766142625836958,225,235.5,108.11987603292782,2016
North Carolina,1,1,8,1,7,NA,ACC,28-6,28,6,119.50666503630038,7,93.49021977861382,21,0.9439286777732611,7,14-4,0.7237456093750546,0.6076274378804606,0.7821969631968931,0.7777777777777778,8.959529832227554,4,14,106.4984424074571,2016
North Carolina-Asheville,1,1,7,3,138,NA,BSth,20-11,20,11,100.8668815027936,215,98.97965662499283,83,0.5540885138104527,144,12-6,0.3911833594077156,0.5558922834344673,0.29871749782790313,0.6666666666666666,-6.053162677799657,141,149,99.92326906389322,2016
North Carolina-Greensboro,0,0,8,5,241,NA,SC,11-18,11,18,102.96072913101865,178,107.76792510995134,252,0.3717368424984518,213,10-8,0.43857097328654027,0.5413902328491307,0.3814325295332879,0.5555555555555556,-12.50862876077604,257,215,105.364327120485,2016
North Carolina-Wilmington,1,1,10,1,44,NA,CAA,23-7,23,7,108.9851617565529,88,100.66748965126976,119,0.7136078671367106,96,14-4,0.5109011813972357,0.4031243688658767,0.5455992106405639,0.7777777777777778,-0.44859169957301515,65,103.5,104.82632570391132,2016
North Carolina A&T,0,0,5,6,340,NA,MEAC,10-21,10,21,95.00043659438836,315,114.1918609116326,334,0.10755301964102289,338,7-9,0.30675514348047916,0.47960946522610437,0.16605884267826784,0.4375,-16.600852492225243,322,324.5,104.59614875301048,2016
North Carolina Central,0,0,5,6,311,NA,MEAC,10-19,10,19,97.66668468372647,289,111.2130847647965,304,0.183366024281775,300,7-9,0.2861772507065984,0.4865449698129804,0.15645947556329964,0.4375,-15.42644030350006,301,296.5,104.43988472426149,2016
North Carolina State,0,0,4,13,121,NA,ACC,16-17,16,17,113.6415502823971,35,103.09357957502279,162,0.7540330386890068,77,5-13,0.6926791791847479,0.5024466754499393,0.8182859452360753,0.2777777777777778,-3.6488388508223646,104,98.5,108.36756492870995,2016
North Dakota,0,0,7,5,218,NA,BSky,14-15,14,15,98.97014236823554,263,100.84700658481697,124,0.4461982893433846,185,10-8,0.38887697906528157,0.5261350431220418,0.34069366433653453,0.5555555555555556,-10.309363466467792,214,193.5,99.90857447652625,2016
North Dakota State,0,0,6,5,126,NA,Sum,18-13,18,13,100.49836888060547,226,99.62892919326605,102,0.5249598840724459,156,8-8,0.46310614371774733,0.40656386991018106,0.48531954021129153,0.5,-6.937540430551194,159,164,100.06364903693576,2016
North Florida,0,0,8,1,161,NA,ASun,19-11,19,11,113.95345444589697,32,112.82121317854705,320,0.5286773489652473,154,10-4,0.4007826314505754,0.515035923623104,0.30629656863703303,0.7142857142857143,-4.932605286412963,122,176,113.38733381222201,2016
North Texas,0,0,5,9,295,NA,CUSA,10-20,10,20,100.05476171247281,235,111.38148840235891,305,0.22560435067395587,285,7-11,0.41277716442689094,0.4337954161605307,0.39588093297844673,0.3888888888888889,-14.440331582710783,290,270,105.71812505741586,2016
Northeastern,0,0,5,6,109,NA,CAA,17-15,17,15,106.11798931316144,133,102.39676385147781,149,0.6012100257716703,124,9-9,0.5574063756127726,0.5442001869500562,0.5578662353869599,0.5,-6.680080709741508,153,141,104.25737658231964,2016
Northern Arizona,0,0,2,11,333,NA,BSky,3-25,3,25,92.78831788979565,328,113.20668654685926,328,0.09218136836357659,343,3-15,0.46381071682639863,0.6685219477059939,0.3609196719996098,0.16666666666666666,-18.568308999498925,339,328,102.99750221832745,2016
Northern Colorado,0,0,5,9,304,NA,BSky,8-21,8,21,101.05616008095913,214,117.32654366622174,347,0.15228727781381987,320,7-11,0.4169267897969565,0.506970424785777,0.37298632474717164,0.3888888888888889,-15.803851544832785,308,280.5,109.19135187359043,2016
Northern Illinois,0,0,4,3,137,NA,MAC,17-12,17,12,100.29497033331589,229,100.79114670119571,123,0.4858157567481421,169,9-9,0.4862654142070492,0.3818996146927509,0.5381700922784642,0.5,-6.408787914720011,150,176,100.5430585172558,2016
Northern Iowa,1,1,9,4,68,NA,MVC,21-12,21,12,108.17728371296117,95,96.88410606212524,50,0.7803904256310706,67,11-7,0.5790822287556229,0.655802864567807,0.502384545194594,0.6111111111111112,-1.7748193382619895,88,72.5,102.5306948875432,2016
Northern Kentucky,0,0,3,8,296,NA,Horz,7-21,7,21,99.32036781641102,253,107.45419727038015,246,0.28798076429296776,255,5-13,0.49959114717987324,0.5230362515685499,0.4813639772405196,0.2777777777777778,-13.743934062582609,279,249.5,103.38728254339559,2016
Northwestern,0,0,5,9,112,NA,B10,20-12,20,12,109.53214035742178,82,99.10421239591317,87,0.759607692505897,72,8-10,0.5689497685844995,0.350555673326619,0.712358318643751,0.4444444444444444,-1.6755150349926726,85,84.5,104.31817637666748,2016
Northwestern State,0,0,5,12,344,NA,Slnd,5-19,5,19,100.59515638960983,220,118.06978075654376,350,0.1368179296277314,325,5-13,0.37609945725100435,0.7634977006077116,0.24696670946543525,0.2777777777777778,-14.227592833811856,285,285,109.3324685730768,2016
Notre Dame,1,0,7,5,34,NA,ACC,21-11,21,11,117.80844910069686,15,103.2324013581756,167,0.8203746829586089,52,11-7,0.6904860343747252,0.510937227105298,0.7838022211393735,0.6111111111111112,2.6649216448205366,28,91,110.52042522943623,2016
Oakland,0,0,10,2,118,NA,Horz,21-11,21,11,114.644673018105,29,106.88122456817081,232,0.691336042118627,103,13-5,0.475463442854802,0.5192024728591048,0.43750551779124497,0.7222222222222222,-3.131897636464701,96,130.5,110.7629487931379,2016
Ohio,0,0,9,2,80,NA,MAC,20-11,20,11,110.69151215886609,68,106.48706174326603,222,0.6095264743659196,121,11-7,0.47623233393683756,0.4357008459846144,0.49538641450245524,0.6111111111111112,-5.07948365281392,123,145,108.58928695106606,2016
Ohio State,0,0,7,7,72,NA,B10,20-13,20,13,105.93651207943392,140,96.29369490907871,43,0.7497964496254742,79,11-7,0.6242318520545931,0.4721552877643402,0.7198424641028937,0.6111111111111112,-0.8015171398834259,70,91.5,101.11510349425632,2016
Oklahoma,1,0,8,3,5,NA,B12,25-7,25,7,117.29162364120356,20,93.24345275093347,19,0.933309181472298,9,12-6,0.7430300591331949,0.5611453043846578,0.843296742313761,0.6666666666666666,8.398682104439374,5,19.5,105.26753819606851,2016
Oklahoma State,0,0,2,9,171,NA,B12,12-20,12,20,106.18867323778,130,96.91937782232554,51,0.7408491443469742,82,3-15,0.6940165302434095,0.44553273647589564,0.8648965979015928,0.16666666666666666,-6.3915289557179396,149,90.5,101.55402553005277,2016
Old Dominion,0,0,9,3,136,NA,CUSA,22-13,22,13,104.82548717147966,156,99.1639074074597,89,0.6544171395515832,111,12-6,0.429815218889402,0.5125266631700015,0.3711475009237995,0.6666666666666666,-6.210914168898874,146,122.5,101.99469728946968,2016
Omaha,0,0,6,3,145,NA,Sum,16-13,16,13,107.60383929183405,106,106.49807553806251,223,0.5296621920990834,153,10-6,0.4815953169697787,0.4792327290993243,0.4847465992324399,0.625,-7.3440848373328995,163,164.5,107.05095741494827,2016
Oral Roberts,0,0,5,7,152,NA,Sum,12-17,12,17,106.63816816619382,123,107.12964370810163,239,0.4867831784888942,168,6-10,0.5549002272210974,0.6259903496871245,0.4899702438437916,0.375,-9.117828514535134,191,181,106.88390593714772,2016
Oregon,1,1,10,1,4,NA,P12,27-6,27,6,119.42475724733538,9,96.59755871022176,47,0.9197924329261536,15,14-4,0.7171943954545515,0.5609610346396682,0.7950584132745186,0.7777777777777778,7.112474478285305,9,28,108.01115797877857,2016
Oregon State,1,0,7,6,32,NA,P12,18-12,18,12,110.08491076470887,72,97.53725347752157,62,0.8008638680261433,60,9-9,0.7242695473202384,0.553471103142898,0.8084640177827804,0.5,0.6407371423298929,45,67,103.81108212111522,2016
Pacific,0,0,4,7,269,NA,WCC,6-20,6,20,99.65129134246502,245,103.58933990963969,174,0.39038114926556755,207,6-12,0.5567857373533929,0.5529305821482267,0.5584991396668001,0.3333333333333333,-12.447436802727072,256,209.5,101.62031562605236,2016
Penn State,0,0,5,10,125,NA,B10,16-16,16,16,101.43073874247148,207,99.55252852846854,98,0.5535299961776144,145,7-11,0.6466710095924337,0.46244907838662824,0.7739909910169952,0.3888888888888889,-4.412288794613602,114,152.5,100.49163363547001,2016
Pennsylvania,0,0,5,5,285,NA,Ivy,10-17,10,17,98.55406642598615,272,107.0496156779983,234,0.27870346060986034,260,5-9,0.4673256073207845,0.41715710410697915,0.5139106460193179,0.35714285714285715,-10.655456683424594,222,253,102.80184105199223,2016
Pepperdine,0,0,7,4,128,NA,WCC,17-13,17,13,105.9526374712216,139,102.5820807437214,152,0.5918896203010475,128,10-8,0.5486661395696839,0.5528578620192504,0.5366567388915675,0.5555555555555556,-4.738307932942609,118,145.5,104.2673591074715,2016
Pittsburgh,1,0,5,9,52,NA,ACC,20-11,20,11,114.7421159698444,28,98.45159795567659,75,0.8533228686899769,38,9-9,0.67661793346203,0.41336900255349573,0.8120598564098254,0.5,2.103978158119136,35,51.5,106.5968569627605,2016
Portland,0,0,4,7,247,NA,WCC,11-20,11,20,107.35866360602093,108,109.48485911672606,279,0.443856022615246,189,6-12,0.5082818819179186,0.4084377014100083,0.5526962950959553,0.3333333333333333,-12.054833971826346,245,193.5,108.42176136137348,2016
Portland State,0,0,5,8,282,NA,BSky,11-18,11,18,101.97544938572892,199,109.43813751878952,277,0.30741881080731676,249,8-10,0.3784415533265601,0.42069346862144225,0.35916407811969403,0.4444444444444444,-13.731761915009004,278,238,105.70679345225922,2016
Prairie View,0,0,6,6,334,NA,SWAC,7-24,7,24,88.04198109450765,346,107.1067519213338,237,0.09499286965165138,342,7-11,0.36519334754167393,0.6295094629170309,0.19359833913705501,0.3888888888888889,-18.127747599765215,335,291.5,97.57436650792073,2016
Presbyterian,0,0,3,8,319,NA,BSth,8-20,8,20,93.17118628555548,327,109.93496934303315,287,0.12980538100019065,331,5-13,0.38674393732606854,0.47092284611423263,0.3479521919482591,0.2777777777777778,-15.570441159805627,302,307,101.55307781429431,2016
Princeton,0,0,10,2,39,NA,Ivy,21-6,21,6,112.43828459763512,44,99.65821983308379,104,0.8002034699670189,61,12-2,0.4565645170003484,0.473577150524697,0.44076707158488176,0.8571428571428571,0.13495231938942692,57,74,106.04825221535945,2016
Providence,1,0,6,4,38,NA,BE,23-10,23,10,107.90418260770846,102,95.51780463261014,35,0.802533737208079,59,10-8,0.6567052685859183,0.47645115408564176,0.7581359880561055,0.5555555555555556,3.691175275648907,23,68.5,101.7109936201593,2016
Purdue,1,0,8,3,16,NA,B10,26-7,26,7,117.91079225945158,14,93.35260969870248,20,0.9361812414552454,8,12-6,0.6517563557520333,0.498025223746892,0.7556686263365296,0.6666666666666666,4.956708896999823,14,17,105.63170097907704,2016
Purdue-Fort Wayne,0,0,9,1,70,NA,Sum,22-9,22,9,111.5237510361759,53,108.44184764963259,264,0.5798774830041228,135,12-4,0.4748154911003672,0.47440439360231185,0.4786236331132277,0.75,-2.456259683004063,92,158.5,109.98279934290424,2016
Quinnipiac,0,0,4,9,298,NA,MAAC,9-21,9,21,91.68553957740787,335,101.75050559142912,138,0.23186149544477638,280,6-14,0.3974842723892726,0.3495486300802913,0.4203672368719239,0.3,-16.447521481381575,318,236.5,96.71802258441849,2016
Radford,0,0,6,7,190,NA,BSth,14-15,14,15,102.35804895636645,190,108.99245839936187,273,0.32690430820284233,240,9-9,0.4270232362927175,0.5948218973242363,0.35031386101365564,0.5,-9.788705432922926,202,231.5,105.67525367786416,2016
Rhode Island,0,0,6,7,117,NA,A10,17-15,17,15,107.68187538741499,104,98.27354618074045,70,0.7410443471343345,81,9-9,0.5862861018792798,0.5357331042777187,0.6259359359014716,0.5,-5.574318050360552,132,87,102.97771078407771,2016
Rice,0,0,6,9,278,NA,CUSA,10-20,10,20,104.27554724844723,161,115.6307789207721,341,0.2334913786472278,279,7-11,0.42428804025885947,0.476934382223508,0.3950075851355744,0.3888888888888889,-14.582866978648799,292,251,109.95316308460966,2016
Richmond,0,0,5,9,116,NA,A10,16-16,16,16,112.59143940603425,43,104.22793052107232,184,0.7084016254097861,98,7-11,0.6224413984227586,0.5716156369682958,0.6491620371016652,0.3888888888888889,-5.151605723761524,124,113.5,108.40968496355329,2016
Rider,0,0,6,7,243,NA,MAAC,13-20,13,20,98.50483421877544,273,103.12284478660851,165,0.37124576351468397,214,8-12,0.4306379166835397,0.465196272112755,0.4066123223398598,0.4,-13.865789561939021,283,219,100.81383950269198,2016
Robert Morris,0,0,6,8,290,NA,NEC,10-22,10,22,90.36252567899028,341,104.83314129111866,194,0.1533955635737969,318,8-10,0.3506706831710913,0.522923371777518,0.21638658876227326,0.4444444444444444,-17.140528058373782,326,267.5,97.59783348505448,2016
Rutgers,0,0,1,14,294,NA,B10,6-25,6,25,97.72835849334695,287,106.79776238205474,228,0.2649164320665283,268,1-17,0.6410831984583525,0.46828966870884114,0.7514199473221992,0.05555555555555555,-13.653683945547966,274,257.5,102.26306043770084,2016
Sacramento State,0,0,5,10,272,NA,BSky,12-17,12,17,96.83680550335214,297,108.33027822393521,260,0.2158846668037592,288,6-12,0.3915197329673071,0.4250994415236331,0.36925146357335104,0.3333333333333333,-12.645443928064799,259,278.5,102.58354186364367,2016
Sacred Heart,0,0,9,2,259,NA,NEC,12-18,12,18,98.15434488481218,278,112.06110069784228,313,0.17890477844604494,303,11-7,0.3176310093734861,0.5003876194735181,0.21352845624679012,0.6111111111111112,-13.635617514434632,272,295.5,105.10772279132723,2016
Saint Francis (PA),0,0,6,6,265,NA,NEC,12-17,12,17,99.80737599547955,239,113.16912721081542,327,0.19079154757279262,296,9-9,0.3045315851320886,0.4715599631067147,0.212201595202273,0.5,-13.346772263009418,268,283,106.48825160314749,2016
Saint Joseph's,1,1,8,4,26,NA,A10,26-7,26,7,112.59317960015574,42,97.20230958567193,56,0.8442697488842861,42,13-5,0.6062771917222102,0.5599439434417144,0.616038892168888,0.7222222222222222,3.196555923143109,26,49,104.89774459291382,2016
Saint Louis,0,0,3,12,206,NA,A10,11-21,11,21,96.43902901090817,303,100.54729920677741,116,0.38231148830696815,210,5-13,0.5833768404308599,0.4430014265634458,0.6725754541766903,0.2777777777777778,-11.323151068384485,236,209.5,98.49316410884279,2016
Saint Mary's (CA),0,0,10,1,37,NA,WCC,26-5,26,5,118.37162705633722,12,99.30773091716917,96,0.8828256574729442,30,15-3,0.49915034796138974,0.44887295696598234,0.5045342181785863,0.8333333333333334,2.2073033488184715,33,54,108.8396789867532,2016
Saint Peter's,0,0,6,4,208,NA,MAAC,14-16,14,16,95.23958212799445,310,101.06536563345983,130,0.33564192832305006,231,12-8,0.4142354382975358,0.41961918224240907,0.4101049640677485,0.6,-10.510885455220285,217,220,98.15247388072714,2016
Sam Houston State,0,0,7,3,176,NA,Slnd,15-14,15,14,100.51631552983949,223,106.2843323991529,217,0.34486800135166984,227,12-6,0.35933418000086725,0.5737791149538386,0.26037455482444616,0.6666666666666666,-8.72096868704311,184,220,103.4003239644962,2016
Samford,0,0,2,8,252,NA,SC,11-20,11,20,101.12111452319738,211,108.23772956655843,259,0.31386161999736145,246,4-14,0.4045729012580827,0.43298545131003396,0.3877473447870464,0.2222222222222222,-14.566638471367279,291,235,104.6794220448779,2016
San Diego,0,0,3,10,302,NA,WCC,8-21,8,21,92.70253374315519,330,101.30983939956022,133,0.26482118543904504,269,4-14,0.5324184584503093,0.4735620224441769,0.5722245562108466,0.2222222222222222,-13.229722010757516,267,231.5,97.0061865713577,2016
San Diego State,0,0,10,1,33,NA,MWC,23-9,23,9,103.35822648262841,172,90.50240445416372,4,0.8216375018913181,50,16-2,0.5914279575010905,0.634721922279544,0.5635414435462036,0.8888888888888888,0.41964818031534923,52,88,96.93031546839606,2016
San Francisco,0,0,6,5,228,NA,WCC,14-15,14,15,105.45982177891804,145,109.69247512775516,284,0.38875860938037793,208,8-10,0.4859091046494647,0.34433156970454426,0.5586754843050263,0.4444444444444444,-8.178612087259365,174,214.5,107.5761484533366,2016
San Jose State,0,0,3,11,299,NA,MWC,6-22,6,22,96.41648276648688,304,102.59849680020167,153,0.3285654948987835,237,4-14,0.5409752702763149,0.4287923294301814,0.5968196458284747,0.2222222222222222,-15.123335490190922,298,228.5,99.50748978334428,2016
Santa Clara,0,0,5,6,250,NA,WCC,10-20,10,20,101.07951652947949,212,107.37937300853334,245,0.3328557725324925,233,7-11,0.5427514966958433,0.48243867423805536,0.5647650986662724,0.3888888888888889,-11.624328488906896,239,228.5,104.22944476900642,2016
Savannah State,0,0,7,5,276,NA,MEAC,14-15,14,15,86.85965175016638,348,102.15670017362538,145,0.13406740580690857,326,9-7,0.2889496217020515,0.5082836476016912,0.173205126261629,0.5625,-11.028698215391792,229,246.5,94.50817596189589,2016
Seattle,0,0,6,4,287,NA,WAC,12-16,12,16,94.2727818626733,322,104.97537682096558,198,0.22502260986086045,286,7-7,0.40122648743991035,0.43003336658639135,0.3765975482238676,0.5,-10.961706714402894,228,260,99.62407934181944,2016
Seton Hall,1,1,9,3,23,NA,BE,25-8,25,8,111.47902435427801,54,92.5022032733016,13,0.8952893242244118,26,12-6,0.6662974679163681,0.48563957959620624,0.7477081925303308,0.6666666666666666,5.647515283386419,13,33.5,101.9906138137898,2016
Siena,0,0,8,3,99,NA,MAAC,21-12,21,12,107.03272757813157,114,103.33976934459483,168,0.5995984262505707,125,13-7,0.4322268262034813,0.5175198795784227,0.3843279010771495,0.65,-6.154281174808366,144,141,105.18624846136319,2016
SIU Edwardsville,0,0,3,5,306,NA,OVC,6-22,6,22,94.30358312771573,321,108.48243002023938,265,0.1664784141795949,308,3-13,0.43760671666300327,0.5413085959720338,0.3598303071812305,0.1875,-16.514838929771027,320,293,101.39300657397754,2016
South Alabama,0,0,6,7,240,NA,SB,12-19,12,19,95.08190253968596,313,103.49048010313734,170,0.27398024277539457,261,8-12,0.4808613599842807,0.503016920809789,0.4703734146390087,0.4,-12.361011290872327,252,241.5,99.28619132141165,2016
South Carolina,0,0,7,3,61,NA,SEC,23-8,23,8,107.92133934644045,101,94.3572244273623,23,0.8241353345266994,48,11-7,0.641549922359798,0.46186126707644554,0.7527720570253447,0.6111111111111112,2.192385120189946,34,62,101.13928188690137,2016
South Carolina State,0,0,9,2,202,NA,MEAC,17-14,17,14,102.21831732489755,194,112.72898216749432,319,0.24497955522166312,276,12-4,0.33047144752256624,0.5787107329212718,0.1609660462607018,0.75,-9.31301829066107,195,256.5,107.47364974619595,2016
South Carolina Upstate,0,0,3,7,323,NA,ASun,7-21,7,21,99.84609990214308,238,114.47897612732434,338,0.17182418315791242,306,4-10,0.405622722664762,0.44301162038345776,0.35648395961114593,0.2857142857142857,-15.981666082106873,313,288,107.16253801473371,2016
South Dakota,0,0,5,8,197,NA,Sum,12-18,12,18,104.55735234172795,158,109.54735756976928,281,0.36908509340024204,215,5-11,0.5227300818002409,0.5409736450698746,0.5043354740684942,0.3125,-11.30009493942352,234,219.5,107.05235495574861,2016
South Dakota State,1,1,9,1,30,NA,Sum,24-7,24,7,110.12341556721714,71,100.51751041772229,115,0.740698491666817,83,12-4,0.4895214928469299,0.5301708724809929,0.45886543066949065,0.75,-0.9136409846468173,73,93,105.32046299246971,2016
South Florida,0,0,4,9,227,NA,Amer,8-25,8,25,97.94520853358048,283,103.80536843993409,181,0.3388868293399956,230,4-14,0.6107626764357049,0.5114681211247477,0.6847445442784268,0.2222222222222222,-14.424391624088111,289,232,100.87528848675728,2016
Southeast Missouri State,0,0,3,6,342,NA,OVC,3-24,3,24,90.84198203876274,338,109.24822261941053,274,0.10699960957957268,339,2-14,0.4232943487651044,0.5005086281201353,0.37020953170852083,0.125,-19.025134142145063,341,306,100.04510232908663,2016
Southeastern Louisiana,0,0,8,6,331,NA,Slnd,10-21,10,21,96.44485519324058,302,112.39352161370371,315,0.14680269158926537,322,9-9,0.3341895010926714,0.5548328677854585,0.21748975791618294,0.5,-15.609860940354478,303,308.5,104.41918840347215,2016
Southern,1,1,7,4,196,NA,SWAC,19-12,19,12,99.58424762715521,246,106.45816840978208,220,0.31699775280844156,244,11-7,0.30345828463303487,0.5499556080136689,0.1688818929322175,0.6111111111111112,-7.933091929486035,170,233,103.02120801846864,2016
Southern California,1,0,5,6,51,NA,P12,21-12,21,12,114.02191682772693,31,98.10109315021403,68,0.8493497318944391,39,9-9,0.6830919182016133,0.5208586143398785,0.7823925534621998,0.5,0.5570945799031463,48,49.5,106.06150498897048,2016
Southern Illinois,0,0,6,4,139,NA,MVC,22-10,22,10,104.9672740757245,154,102.76922141904336,158,0.5605442815127163,142,11-7,0.4564247998662688,0.33457099847938643,0.5264322327699068,0.6111111111111112,-3.0806372526568273,95,156,103.86824774738393,2016
Southern Methodist,0,0,7,2,12,NA,Amer,25-5,25,5,117.37802719975858,17,97.12085276199102,54,0.8983114051723198,25,13-5,0.5932970047147232,0.5141875059871639,0.6460366705330962,0.7222222222222222,3.9423902333443355,20,35.5,107.2494399808748,2016
Southern Mississippi,0,0,3,12,313,NA,CUSA,7-20,7,20,94.67280814064483,319,109.64579654529942,282,0.15596983077941506,315,5-13,0.4105129170675776,0.48110020219608024,0.3752192745033262,0.2777777777777778,-15.727899034215609,306,300.5,102.15930234297213,2016
Southern Utah,0,0,1,11,335,NA,BSky,4-24,4,24,97.16519060044666,294,118.0755259148952,351,0.09608628177962068,341,3-15,0.42783268443163347,0.5605075506222467,0.3604749399524825,0.16666666666666666,-18.351852566184863,337,322.5,107.62035825767093,2016
St. Bonaventure,0,0,10,1,31,NA,A10,22-8,22,8,113.64088958659929,36,103.57735629507117,173,0.743899014036149,80,14-4,0.56693432510903,0.44311045170237173,0.6367294282858004,0.7777777777777778,0.18571616242596994,55,104.5,108.60912294083522,2016
St. Francis (NY),0,0,8,2,277,NA,NEC,14-17,14,17,92.31485260714268,332,104.47731106065427,187,0.19414536952204783,295,11-7,0.29073514837066033,0.4155068582257655,0.21182777068938707,0.6111111111111112,-13.587261520984267,271,259.5,98.39608183389848,2016
St. John's (NY),0,0,1,10,239,NA,BE,7-24,7,24,95.8914459665266,308,100.78262500288237,121,0.36074878690925694,221,1-17,0.6697415365438876,0.45898434733452076,0.8063106789755878,0.05555555555555555,-10.908825801136887,227,214.5,98.33703548470449,2016
Stanford,0,0,5,9,84,NA,P12,14-15,14,15,107.08008573463017,112,99.63438793779741,103,0.6961013520829966,101,8-10,0.7413537657626785,0.5849981167585401,0.8240802622349066,0.4444444444444444,-2.2515285378424594,91,107.5,103.35723683621379,2016
Stephen F. Austin,1,1,12,1,71,NA,Slnd,23-5,23,5,109.7285031135941,77,96.95332094213595,52,0.8058809740631484,57,18-0,0.32711463369812493,0.5839806802839844,0.21369473339546208,1,-1.0060688241090754,77,64.5,103.34091202786502,2016
Stetson,0,0,3,7,301,NA,ASun,8-22,8,22,102.09053613164838,196,113.53289544478275,331,0.22764184591603817,282,4-10,0.41901761872694554,0.49413687161295855,0.3484949635311219,0.2857142857142857,-16.405912970643342,317,263.5,107.81171578821557,2016
Stony Brook,1,1,10,1,65,NA,AE,24-6,24,6,105.28246484201077,147,99.03467820076177,84,0.6689706770795338,109,14-2,0.3811990778343098,0.5863391878367374,0.27003305707482067,0.875,-0.9144630648292217,74,115.5,102.15857152138628,2016
Syracuse,1,0,7,9,74,NA,ACC,19-13,19,13,111.22526744940129,59,94.4879740899906,25,0.8670908160838723,35,9-9,0.6807015345835398,0.520289540713259,0.7869645671505882,0.5,0.053238661945101295,59,42,102.85662076969595,2016
Temple,1,0,9,1,59,NA,Amer,21-11,21,11,106.45176254678415,127,97.41384047220575,60,0.7350353089808398,86,14-4,0.6241661139615537,0.5721172885118933,0.6607454613240002,0.7777777777777778,0.2286783559222707,54,93.5,101.93280150949495,2016
Tennessee,0,0,3,12,144,NA,SEC,15-19,15,19,110.73803308315698,67,101.7300485736887,137,0.7262567968622956,90,6-12,0.6905384748067447,0.5625609339814513,0.7782920858179825,0.3333333333333333,-5.43801595433145,128,102,106.23404082842285,2016
Tennessee-Martin,0,0,8,1,213,NA,OVC,17-14,17,14,102.66886779489596,184,109.44947130675689,278,0.32399515340914103,242,10-6,0.3875495169425315,0.4407432786021758,0.3402358188913873,0.625,-8.800593590173222,186,231,106.05916955082643,2016
Tennessee State,0,0,7,2,150,NA,OVC,18-10,18,10,100.50440163815429,225,100.8686979040998,125,0.48959938708753487,165,11-5,0.37695212200911626,0.3845148927861674,0.3747749997097558,0.6875,-5.8235339549687355,136,175,100.68654977112705,2016
Tennessee Tech,0,0,7,2,133,NA,OVC,17-11,17,11,106.93633363342431,117,110.66441669918343,296,0.4027330811855447,202,11-5,0.41244926253877273,0.44919270892727714,0.39242899703964185,0.6875,-5.785272665066384,134,206.5,108.80037516630387,2016
Texas,1,0,8,4,27,NA,B12,20-12,20,12,112.20234601908666,48,94.40813714196915,24,0.8792961032763883,31,11-7,0.7653863941726268,0.6386879504419625,0.8494494925706112,0.6111111111111112,3.5995461871424688,24,36,103.3052415805279,2016
Texas-Arlington,0,0,8,3,98,NA,SB,22-10,22,10,106.2574865537128,129,99.2064056747904,91,0.6877499111004318,104,13-7,0.44487214899564453,0.4642891994012235,0.4298695788304522,0.65,-3.628792767368247,103,110,102.7319461142516,2016
Texas-El Paso,0,0,7,6,212,NA,CUSA,18-14,18,14,102.36504796664994,189,106.04471383685964,215,0.39984083462665326,204,10-8,0.37141932244454273,0.38024380423943055,0.3555470924828189,0.5555555555555556,-9.498198424367473,197,202,104.20488090175479,2016
Texas-Rio Grande Valley,0,0,4,6,338,NA,WAC,5-22,5,22,94.3137656456594,320,115.66829146053814,342,0.08729313837805212,344,4-10,0.42002205225003986,0.4637265232017807,0.396489608747869,0.2857142857142857,-16.771202770098128,323,331,104.99102855309877,2016
Texas-San Antonio,0,0,1,14,347,NA,CUSA,4-26,4,26,96.69976633961747,300,115.99193858222152,344,0.10988056595794693,337,3-15,0.4121716266991827,0.47334910585993517,0.3875984350455959,0.16666666666666666,-20.20452158516566,347,322,106.3458524609195,2016
Texas A&M,1,0,7,1,18,NA,SEC,26-7,26,7,113.65531250161172,34,91.86457214030054,8,0.9204026689294875,13,13-5,0.7008876241727704,0.6011992962709839,0.759022245669424,0.7222222222222222,5.851650928198849,12,21,102.75994232095613,2016
Texas A&M-Corpus Christi,0,0,9,2,82,NA,Slnd,23-7,23,7,100.56090702160932,221,102.82220588629187,160,0.43641262453295687,194,15-3,0.36241243737721185,0.5121260840288485,0.2555757392007934,0.8333333333333334,-1.6806258231227011,86,190.5,101.6915564539506,2016
Texas Christian,0,0,2,10,173,NA,B12,12-21,12,21,100.06114765347982,234,96.72653096016552,49,0.5962292785657404,126,2-16,0.6952094688105293,0.4089813137114875,0.880701266311427,0.1111111111111111,-6.320901876801322,148,141.5,98.39383930682267,2016
Texas Southern,0,0,10,1,185,NA,SWAC,18-14,18,14,103.96874668186118,164,107.86707123991548,255,0.39572568129383817,205,16-2,0.35905354463175193,0.6776508248846183,0.16030191035692332,0.8888888888888888,-7.468219244297493,166,209.5,105.91790896088833,2016
Texas State,0,0,5,7,236,NA,SB,13-16,13,16,98.42135631122494,275,103.38462688542532,169,0.3622106114260033,220,8-12,0.4259909513629024,0.2790295878381249,0.4616859572224207,0.4,-10.85021816659648,226,222,100.90299159832513,2016
Texas Tech,1,0,7,7,35,NA,B12,19-12,19,12,113.67480187829443,33,99.1666405992253,90,0.8278136800389796,45,9-9,0.7296185343894829,0.5522989425282083,0.8552421098427904,0.5,1.6910281539842418,37,61.5,106.42072123875987,2016
Toledo,0,0,5,5,183,NA,MAC,16-15,16,15,107.82766360753715,103,102.68956034727901,156,0.636793418701217,115,8-10,0.4592355278570914,0.38932907170917913,0.4972497878567187,0.4444444444444444,-9.513940561973673,198,129.5,105.25861197740808,2016
Towson,0,0,7,3,151,NA,CAA,18-12,18,12,104.98475228918164,151,103.11788971612822,164,0.551401672103814,146,11-7,0.47678702162781433,0.32395918187336953,0.5632694234696913,0.6111111111111112,-5.907104407104286,138,157.5,104.05132100265493,2016
Troy,0,0,3,11,293,NA,SB,8-21,8,21,97.83582362124724,285,106.96167669099955,233,0.2639442911862227,270,4-16,0.46203512068843833,0.4412963935144697,0.4713675479167242,0.2,-15.059860610532738,297,259,102.3987501561234,2016
Tulane,0,0,2,11,229,NA,Amer,13-21,13,21,96.75857686390668,299,99.93691399870613,110,0.408134722432976,200,3-15,0.5696628183797113,0.40047256937218323,0.6758765233090316,0.16666666666666666,-10.721594962854056,224,204.5,98.34774543130641,2016
Tulsa,1,0,8,3,63,NA,Amer,20-11,20,11,109.67823920285639,78,99.30762100004951,95,0.7580979408988902,75,12-6,0.6278585364055749,0.559138330182436,0.6662351345055598,0.6666666666666666,-0.8439635109115213,72,86.5,104.49293010145294,2016
UC-Davis,0,0,4,5,280,NA,BW,9-19,9,19,92.77495505760992,329,98.47091012750971,76,0.3350969797932199,232,6-10,0.4943501968612755,0.39956161772963844,0.5442635448893056,0.375,-12.639643849909636,258,202.5,95.6229325925598,2016
UC-Irvine,0,0,9,1,75,NA,BW,23-9,23,9,105.8158091818363,141,97.60354645916829,63,0.7168805214816633,93,13-3,0.5352383046171205,0.5742466520892497,0.4975736051600434,0.8125,-0.5352158975922172,66,102,101.70967782050229,2016
UC-Riverside,0,0,4,6,266,NA,BW,12-19,12,19,99.76772016898416,243,104.91895195297562,197,0.3591742294454335,223,5-11,0.45718086531278834,0.3432733842058462,0.5413094974894009,0.3125,-12.960428778536452,263,220,102.34333606097988,2016
UC-Santa Barbara,0,0,10,4,96,NA,BW,17-13,17,13,107.07934326468006,113,97.83995599721787,64,0.7384109988624181,85,11-5,0.5758158561286302,0.6868750640428658,0.49490891393491554,0.6875,-4.483498648372204,115,88.5,102.45964963094897,2016
UCLA,0,0,3,10,104,NA,P12,15-17,15,17,111.87648590746633,50,99.55398462300275,99,0.7928181763170165,64,6-12,0.724212515572728,0.6252813530776298,0.7887107320235801,0.3333333333333333,-3.4958379362953034,102,74.5,105.71523526523454,2016
University of California,1,0,9,3,15,NA,P12,23-10,23,10,113.14286776530952,38,92.3257481976438,11,0.91199774897102,20,12-6,0.6839294384550562,0.49798455557003396,0.800001177943446,0.6666666666666666,2.6121510168721294,29,24.5,102.73430798147666,2016
Utah,1,0,10,2,6,NA,P12,25-8,25,8,116.05097737848811,23,96.32284091298,45,0.8949871755998857,27,13-5,0.7117340062765192,0.5656676549365146,0.7787816907831728,0.7222222222222222,6.036964516812375,11,34,106.18690914573406,2016
Utah State,0,0,4,8,153,NA,MWC,14-15,14,15,110.15213800365639,69,106.83325854127182,229,0.5870592779622122,131,7-11,0.5539023507415176,0.4930863166602513,0.5722514732920784,0.3888888888888889,-7.137523329951333,161,149,108.49269827246411,2016
Utah Valley,0,0,5,5,274,NA,WAC,9-18,9,18,99.75453200424545,244,109.98502180261903,288,0.24549884224651333,275,6-8,0.4365388980565253,0.523494485787901,0.37368505124818113,0.42857142857142855,-12.017900233396533,244,266,104.86977690343224,2016
Valparaiso,0,0,10,1,48,NA,Horz,24-6,24,6,106.82390654240805,120,92.04574372392821,9,0.8471350004866949,41,16-2,0.48740539919919823,0.5900863380799574,0.42024582602208777,0.8888888888888888,0.7160475158633288,43,64.5,99.43482513316813,2016
Vanderbilt,1,0,8,3,62,NA,SEC,19-13,19,13,115.26768141867632,25,93.11979447274683,16,0.9208358743076084,11,11-7,0.695984785122206,0.603009538135849,0.7614517961823416,0.6111111111111112,0.014768171652729256,60,20.5,104.19373794571158,2016
Vermont,0,0,9,3,132,NA,AE,20-13,20,13,107.19807776597804,111,106.04512365601336,216,0.5310491508572054,151,11-5,0.41552596831097066,0.5757394264143272,0.2868936240782429,0.6875,-6.317720314195366,147,163.5,106.6216007109957,2016
Villanova,1,0,10,1,3,NA,BE,29-5,29,5,118.49054084753169,11,90.8147857688868,6,0.9551749230989092,2,16-2,0.6909716765327579,0.5894027201415754,0.7408532333957937,0.8888888888888888,9.33191760187377,2,8.5,104.65266330820924,2016
Virginia,1,0,10,2,2,NA,ACC,26-7,26,7,119.24438639814628,10,91.43400467960272,7,0.954951137112264,3,13-5,0.7522623019103509,0.6267209799610324,0.8122924848779624,0.7222222222222222,9.054351860361507,3,8.5,105.33919553887449,2016
Virginia Commonwealth,1,0,8,1,41,NA,A10,24-9,24,9,111.66782339098427,52,93.13891088523918,17,0.8895861143728989,28,14-4,0.5861684271602409,0.542478653386149,0.6160484704759717,0.7777777777777778,0.7069324134568284,44,34.5,102.40336713811172,2016
Virginia Tech,0,0,6,7,90,NA,ACC,19-14,19,14,109.04957229822395,86,98.2929876351716,71,0.7675045310722416,70,10-8,0.6560672674394268,0.3915449201212388,0.8241378465577117,0.5555555555555556,-0.1336846255791464,61,78.5,103.67127996669777,2016
VMI,0,0,3,8,315,NA,SC,6-21,6,21,95.52835826690155,309,110.61119005649947,295,0.15631865581528595,314,4-14,0.439428670403624,0.5321657891558242,0.4051881204251979,0.2222222222222222,-15.842698086860777,310,302,103.06977416170051,2016
Wagner,0,0,9,1,184,NA,NEC,21-10,21,10,99.42344281263172,251,101.23718772489013,132,0.4482114950623715,183,13-5,0.25645900849109066,0.4107274736271386,0.18400027278736542,0.7222222222222222,-6.844161148512543,156,191.5,100.33031526876093,2016
Wake Forest,0,0,1,14,158,NA,ACC,11-20,11,20,106.58052864106156,124,99.59767057398494,101,0.68552140155193,105,2-16,0.7364154373012752,0.6187726413640691,0.8138652122933974,0.1111111111111111,-5.82965393302214,137,112.5,103.08909960752325,2016
Washington,0,0,4,6,81,NA,P12,18-14,18,14,109.94944191427103,74,96.6017892320646,48,0.815833319304863,54,9-9,0.6834275186921596,0.5120374411995386,0.7838520843748417,0.5,-1.8560298762211438,89,61,103.27561557316781,2016
Washington State,0,0,0,12,209,NA,P12,8-22,8,22,101.51644226225821,205,103.9291462155837,182,0.432877898495828,196,1-17,0.6954479590483168,0.47112092959121943,0.8256730069758368,0.05555555555555555,-10.001677856376022,206,193.5,102.72279423892095,2016
Weber State,1,1,10,1,111,NA,BSky,23-8,23,8,102.10652987816266,195,99.58766179454659,100,0.5713231449129427,137,15-3,0.3784983043508612,0.5504190427509534,0.2749458699519522,0.8333333333333334,-3.4553768065296055,100,147.5,100.84709583635463,2016
West Virginia,1,0,8,2,10,NA,B12,26-8,26,8,115.76270603154703,24,90.44302876005415,3,0.9447189188538877,6,13-5,0.7291053845615619,0.5491358866654409,0.8419860303110275,0.7222222222222222,7.797437661711063,7,13.5,103.10286739580059,2016
Western Carolina,0,0,8,5,166,NA,SC,13-17,13,17,99.20484688665863,259,104.34171262716637,185,0.35880147182743005,224,10-8,0.49215601727453273,0.6789513420085548,0.38284097231373054,0.5555555555555556,-10.163483028646056,208,222,101.7732797569125,2016
Western Illinois,0,0,3,9,262,NA,Sum,7-17,7,17,99.30850155149389,254,105.97315466539544,214,0.3214801024698738,243,3-13,0.5067394994551117,0.49986365086803486,0.51017742374865,0.1875,-11.185708248612825,232,234,102.64082810844467,2016
Western Kentucky,0,0,6,8,157,NA,CUSA,16-16,16,16,107.67712824691478,105,108.21386340070836,258,0.4857085614291729,170,8-10,0.46914565592110913,0.525487977156154,0.4296797196530528,0.4444444444444444,-9.26321469167186,194,181.5,107.94549582381157,2016
Western Michigan,0,0,5,6,204,NA,MAC,11-19,11,19,102.54802842491976,186,104.51718025940932,191,0.4455338977115999,188,7-11,0.5251285627414934,0.5411399798332401,0.5130770032662961,0.3888888888888889,-11.905440247963586,242,188.5,103.53260434216455,2016
Wichita State,1,0,10,1,46,NA,MVC,23-8,23,8,111.34604888626006,58,89.35844378426987,1,0.9262082697338665,10,16-2,0.5599061512183566,0.667448485655677,0.4859700645475608,0.8888888888888888,0.5010472455770174,51,29.5,100.35224633526497,2016
William & Mary,0,0,7,3,64,NA,CAA,18-11,18,11,112.85404026807271,40,103.76545124908105,179,0.7242347527466274,91,11-7,0.5514661906178757,0.5342027605114132,0.5444315291841686,0.6111111111111112,-3.4809993254428466,101,109.5,108.30974575857688,2016
Winthrop,0,0,10,1,130,NA,BSth,20-9,20,9,106.15380849282359,132,107.21610460542284,240,0.47140371294278693,178,13-5,0.3668122947240102,0.4593831235592745,0.3298415632661524,0.7222222222222222,-4.673343978010011,117,186,106.68495654912321,2016
Wisconsin,1,0,10,3,40,NA,B10,20-12,20,12,111.09120482755345,62,95.19540829806812,31,0.8551809357184798,37,12-6,0.6869279093653996,0.5753632206167837,0.765190397542853,0.6666666666666666,0.76868761997799,42,46.5,103.14330656281078,2016
Wofford,0,0,7,3,203,NA,SC,13-17,13,17,105.07874960517344,150,107.27225213774925,241,0.4408804838949095,192,11-7,0.45728305941086655,0.6026406327461917,0.3739246305716635,0.6111111111111112,-10.197823678432606,209,195.5,106.17550087146134,2016
Wright State,0,0,8,2,147,NA,Horz,20-13,20,13,100.43304820582028,227,97.30074759350511,57,0.5900987039432578,129,13-5,0.46236657315056967,0.4844141023659873,0.4485369869269358,0.7222222222222222,-5.798450919672947,135,142,98.86689789966269,2016
Wyoming,0,0,4,8,186,NA,MWC,12-18,12,18,107.97091555298677,99,107.84978027968147,254,0.503227300416989,161,7-11,0.5666391848920486,0.5525794944402664,0.5740967683310481,0.3888888888888889,-10.257164924404435,211,176.5,107.91034791633412,2016
Xavier,1,0,10,2,8,NA,BE,27-5,27,5,117.0463778737527,21,95.40110662189508,33,0.9130550334780821,19,14-4,0.6918142962484065,0.5899868807405095,0.7456856857529216,0.7777777777777778,8.106534570370611,6,27,106.22374224782389,2016
Yale,1,1,11,1,42,NA,Ivy,21-6,21,6,108.8974278584713,89,95.18183142416632,30,0.8246390466888651,47,13-1,0.4577587563130369,0.47983226286647374,0.43726192879913156,0.9285714285714286,0.15952559713321307,56,59.5,102.03962964131881,2016
Youngstown State,0,0,4,7,283,NA,Horz,9-21,9,21,101.28068649020261,209,113.24369583368755,329,0.21688145920897065,287,6-12,0.49452288296634933,0.5054121274070579,0.48920944751910933,0.3333333333333333,-13.694614436434618,276,269,107.26219116194508,2016
