School,Make Tournament,Conference Champ,Last 12 Wins,Conference Finish,RPI Rank,NET Rank,Conference,Record,Adj. Offensive Efficiency,OE Rank,Adj. Defensive Efficiency,DE Rank,Barthag,Barthag Rank,Conference Record,SOS,Non-Conf SOS,Conference SOS,Conference Win %,Wins Above Bubble,WAB Rank
Abilene Christian,1,1,9,2,131,154,Slnd,23-6,101.85514130495105,202,100.32898839450515,117,0.5432950367828073,150,14-4,0.3016993381236258,0.3936000293260578,0.2549394047116022,0.7777777777777778,-2.664002575926081,79
Air Force,0,0,6,6,224,242,MWC,13-18,99.74389259988938,252,105.79295147718165,230,0.336909352056166,232,8-10,0.49196944594174624,0.4334718544716347,0.5373413964853181,0.4444444444444444,-10.846559613852092,216
Akron,0,0,5,4,153,114,MAC,15-16,98.3767464494061,267,92.77530665477983,20,0.6624374682559251,109,8-10,0.5392943241298053,0.4240638063909223,0.5941414229360145,0.4444444444444444,-8.109435458683699,169
Alabama,0,0,5,9,55,59,SEC,18-15,107.7304858585548,90,95.5614370560515,42,0.7987383041021255,52,8-10,0.7334975199207919,0.6086511331847995,0.8045301681566603,0.4444444444444444,-0.2268630719390663,54
Alabama-Birmingham,0,0,6,6,145,133,CUSA,18-14,105.93548319398536,128,104.26603306482096,188,0.5455417008671478,148,10-8,0.4736823702181776,0.4199427764505707,0.49860787310246363,0.5555555555555556,-7.4834994082518795,160
Alabama A&M,0,0,2,9,353,346,SWAC,5-27,87.12044117065349,350,109.56059416191357,288,0.0668795165822635,347,4-14,0.3210789423869273,0.5085251207576216,0.17528747032083158,0.2222222222222222,-22.633379535419447,352
Alabama State,0,0,4,6,308,330,SWAC,10-19,93.40606276436924,328,111.85672827172132,321,0.1117469494276119,335,9-9,0.350404343125939,0.7344642508263899,0.1701710179151685,0.5,-13.720155233518131,278
Albany (NY),0,0,7,5,289,271,AE,11-20,97.76680815666583,278,106.69089547339514,242,0.2680511220563418,269,7-9,0.3470662428701966,0.3909678998416722,0.3057150262934068,0.4375,-15.753386272566399,311
Alcorn State,0,0,4,7,347,348,SWAC,6-21,88.69058012789799,345,112.7417493273365,332,0.05955906602616411,350,6-12,0.3223384699145465,0.63425632758331,0.17612791071965622,0.3333333333333333,-16.717406481287185,322
American,0,0,7,4,244,177,Pat,15-15,101.57129619226154,208,103.26552526387977,169,0.4525829203427109,181,9-9,0.33762677434425115,0.2924412451425782,0.37198367036239605,0.5,-11.339227993658255,226
Appalachian State,0,0,6,10,274,213,SB,8-21,105.51707484148234,132,107.97846587013302,264,0.4340910608446055,189,6-12,0.5386881962926698,0.6048540790431366,0.4999257706600006,0.3333333333333333,-13.936905751303135,281
Arizona,0,0,3,8,120,93,P12,17-15,103.84761131218161,165,97.80469179297368,76,0.6658441190689309,108,8-10,0.6303948577995606,0.5825854524973841,0.6607889644699481,0.4444444444444444,-4.25214172191752,108
Arizona State,1,0,8,2,41,63,P12,22-10,108.93014677790441,66,98.25425354276479,87,0.7660616812469441,68,12-6,0.6157808919282507,0.5421615720838647,0.6497785391935171,0.6666666666666666,0.018275444954534148,50
Arkansas,0,0,6,9,101,65,SEC,17-15,108.56433016107795,76,97.0737642215592,66,0.7835584626834007,59,8-10,0.6975477778985739,0.5541204017586078,0.7904690993395086,0.4444444444444444,-2.294822278066167,74
Arkansas-Pine Bluff,0,0,6,3,290,323,SWAC,12-19,93.76336619115638,326,111.21699662175939,310,0.12312618391547045,332,10-8,0.33272357338440756,0.5803829544057624,0.16888232931914496,0.5555555555555556,-14.035008389740828,284
Arkansas State,0,0,5,9,235,251,SB,11-19,102.36461091442115,191,108.60510589643658,276,0.3361408566036195,234,7-11,0.4989941091430186,0.5168303586254299,0.4936553314667993,0.3888888888888889,-12.64950893294561,251
Army,0,0,4,5,246,239,Pat,12-19,95.9157595351341,304,101.92362516470412,146,0.332108331287144,235,8-10,0.39614551874105186,0.3992673859842894,0.38507982716097083,0.4444444444444444,-14.018146906394513,282
Auburn,1,1,9,4,23,18,SEC,24-9,119.25488574731929,8,96.24165899943625,53,0.9216954456999487,15,11-7,0.729283339922306,0.5825962495080627,0.8115811272082976,0.6111111111111112,5.261854819803494,18
Austin Peay,0,0,8,4,116,135,OVC,20-11,109.95814988038128,58,105.68445600273401,226,0.6120370926140515,129,13-5,0.41016853144657645,0.5074302128864802,0.3368806864914039,0.7222222222222222,-4.973199453582746,119
Ball State,0,0,4,5,175,131,MAC,15-17,100.46841748965221,232,97.69317166241342,74,0.5798445340763995,140,6-12,0.542663809264547,0.49076563766776554,0.5683842068426147,0.3333333333333333,-8.645931046217779,177
Baylor,1,0,6,4,58,39,B12,19-13,113.20966078371995,26,98.66830423937274,91,0.8293452515523918,48,10-8,0.6888083855830149,0.44855988291308874,0.8499172884596838,0.5555555555555556,0.8789035305083025,44
Belmont,1,0,12,1,43,47,OVC,25-5,114.07700448268375,21,101.68535419366367,143,0.7895790285597916,57,16-2,0.42524579972083437,0.5633549894726235,0.31928434914279513,0.8888888888888888,1.1474193580772591,39
Bethune-Cookman,0,0,7,5,324,304,MEAC,12-17,92.89315181804142,331,104.90657947508791,200,0.1980330383900278,308,9-7,0.2854007983534198,0.47016691959780527,0.1527532045873044,0.5625,-13.245102728392778,267
Binghamton,0,0,4,7,311,325,AE,8-23,95.69248364115987,306,112.41411590959969,328,0.13562977390973727,327,5-11,0.39333366202661496,0.441854423547315,0.3222989944582152,0.3125,-17.45947989423949,331
Boise State,0,0,4,7,216,149,MWC,12-20,107.68389396486054,92,102.24933972831539,151,0.6446342215346774,120,7-11,0.5205998883019387,0.5269724541083086,0.49942619105043856,0.3888888888888889,-11.993108112068489,239
Boston College,0,0,3,11,165,136,ACC,14-17,107.09686256970303,102,101.23750697218202,132,0.6563431869492828,114,5-13,0.6655573434021657,0.41158045000553845,0.8347603978149166,0.2777777777777778,-5.424419347875958,125
Boston University,0,0,5,7,228,228,Pat,14-18,103.48665259988152,169,109.63450071817286,290,0.33991817261799495,229,7-11,0.3948925769742489,0.40385161970610156,0.38422719274177974,0.3888888888888889,-13.101770602836858,264
Bowling Green State,0,0,6,2,81,117,MAC,20-12,107.63816299750633,93,101.7591909444524,144,0.6560882609248284,115,12-6,0.5272469663935242,0.39438704343728154,0.5843663619634089,0.6666666666666666,-4.310904971792203,110
Bradley,1,1,8,5,159,176,MVC,19-14,100.32910904079246,234,100.83798052157664,123,0.4854588931110229,166,9-9,0.46355336982625467,0.4365756276847654,0.46870564645337814,0.5,-7.900250671413187,166
Brigham Young,0,0,8,2,64,85,WCC,19-13,110.04997799354086,55,102.61783804155132,160,0.6908535071780524,94,11-5,0.5689275814775454,0.5127609469647142,0.6136072197357719,0.6875,-3.195339726759025,90
Brown,0,0,7,4,117,145,Ivy,17-11,97.59022987197942,279,96.07334142101871,50,0.5449169293524317,149,7-7,0.45502679193355783,0.38213153535644606,0.5279220485106696,0.5,-5.731472471907844,134
Bryant,0,0,4,8,318,322,NEC,10-20,98.4753492687845,265,114.3309556824061,340,0.15227764178715242,322,7-11,0.3335601402049376,0.452413710860813,0.25832590425008956,0.3888888888888889,-16.32786350395206,317
Bucknell,0,0,8,1,91,152,Pat,21-12,103.90586395854643,162,103.32251149818012,170,0.5161807678428179,155,13-5,0.4497969346412831,0.5806182435504915,0.36509609174101176,0.7222222222222222,-5.5606282955245465,127
Buffalo,1,1,11,1,9,15,MAC,30-3,113.25347867915708,25,94.87578722114915,33,0.8845446785275802,26,16-2,0.5685899136019246,0.5373924582410295,0.5768522070472009,0.8888888888888888,5.451279111933688,17
Butler,0,0,4,8,94,64,BE,16-16,110.33047824524036,50,99.9826449455135,112,0.7563112633902526,71,7-11,0.7124707203166917,0.6143731466290594,0.7797469950367582,0.3888888888888889,-4.431901197848544,112
Cal Poly,0,0,2,9,339,332,BW,4-23,96.9445360960405,291,114.60104724060983,342,0.12739882537498823,331,2-14,0.4082177141085878,0.43576486585139007,0.3892790472854111,0.125,-18.66912658767812,339
Cal State Bakersfield,0,0,4,5,198,218,WAC,13-15,101.70377414137576,206,107.41048686007737,257,0.3480040607156996,226,7-9,0.4690000565732172,0.45117562242769366,0.4828076808452348,0.4375,-8.822543714361785,183
Cal State Fullerton,0,0,8,2,176,200,BW,14-17,97.9035017774361,276,102.09049410022251,149,0.38187699026332506,214,10-6,0.4777107196619875,0.6330202461948629,0.35764885108030453,0.625,-9.70319967644706,202
Cal State Long Beach,0,0,6,5,211,234,BW,13-19,100.13723286679108,243,105.47608877166095,218,0.3549522374793866,225,8-8,0.48570923431596535,0.6151228378172152,0.3609461590114401,0.5,-11.869518269689204,235
Cal State Northridge,0,0,5,6,280,273,BW,12-20,103.38101328520801,171,111.46804811176403,315,0.29605777975259306,257,7-9,0.4006849847449918,0.43304490837851,0.36818816646574976,0.4375,-14.762352041192017,295
California Baptist,0,0,6,5,205,165,WAC,12-14,105.95583714193765,126,108.06889463065822,267,0.44347135173682284,185,7-9,0.4353553353915499,0.3781048229858134,0.47113690564513544,0.4375,-9.048218118042247,190
Campbell,0,0,9,1,181,223,BSth,17-12,106.32595536593475,123,109.1551932769029,282,0.4250676133401354,193,12-4,0.3889838157480943,0.46668573631803567,0.33750776530292786,0.75,-7.479055870233766,159
Canisius,0,0,7,2,209,282,MAAC,15-17,101.19521455967778,219,110.92823509788496,308,0.25806159762321734,280,11-7,0.3919240625422691,0.5731684291702976,0.2925153234902805,0.6111111111111112,-11.736379613745198,233
Central Arkansas,0,0,4,7,283,297,Slnd,11-19,98.69831399714904,261,110.28443120452873,296,0.21815658838608495,299,8-10,0.4064266018923684,0.6507264295239963,0.2832720281290425,0.4444444444444444,-13.434350349139661,271
Central Connecticut State,0,0,3,10,287,312,NEC,9-20,95.09072523626935,313,111.3411044119323,313,0.14011667638025538,325,5-13,0.36154195660744903,0.5282019368322284,0.2596941909145283,0.2777777777777778,-15.354014532629337,304
Central Florida,1,0,8,3,26,30,Amer,23-8,110.55516642175405,46,93.57764651660995,26,0.8718388002008454,33,13-5,0.6152223035492361,0.46942546712100164,0.7005981660546788,0.7222222222222222,1.9812485167887162,33
Central Michigan,0,0,7,2,115,113,MAC,20-11,109.41821741942817,62,105.13256815350223,207,0.6128921939418387,128,10-8,0.49851010531231654,0.3241042329831435,0.582775226723731,0.5555555555555556,-4.006566329587414,104
Charleston Southern,0,0,8,5,239,197,BSth,13-15,100.57051946404121,230,101.99076316708825,147,0.4597707799833629,180,9-7,0.40816515100635936,0.5571025497374495,0.33559700364351375,0.5625,-9.321895715972376,196
Charlotte,0,0,3,13,305,262,CUSA,8-21,95.06109352916062,314,107.18416311579401,254,0.20095594043294915,306,5-13,0.48245210400714034,0.5249065393844593,0.45650772683211216,0.2777777777777778,-15.432911387610813,305
Chattanooga,0,0,3,5,256,275,SC,9-20,101.6234358721662,207,107.66580120959961,262,0.3397934234607328,230,7-11,0.510937768125716,0.44393268033129435,0.5381518745357604,0.3888888888888889,-12.689962513187254,254
Chicago State,0,0,0,9,337,353,WAC,1-29,88.5331787009209,346,116.88684343372475,349,0.03935307788037572,351,0-16,0.5608297353435974,0.5894513112934807,0.5216027194261768,0,-20.95529668191774,350
Cincinnati,1,1,9,2,18,25,Amer,27-6,111.00159509560035,43,94.41599890933998,31,0.8654241060711847,36,14-4,0.6151329118640295,0.48371089238159465,0.6991092651955371,0.7777777777777778,4.95408669871268,19
Citadel,0,0,3,8,245,274,SC,9-18,105.5882512982814,131,113.80973515255256,339,0.29686300163845175,256,4-14,0.5286711281513841,0.4921667273047117,0.5428477726294885,0.2222222222222222,-10.895012777307189,218
Clemson,0,0,8,8,61,35,ACC,19-13,108.11297862138619,84,89.1957545098607,8,0.9013173578042155,21,9-9,0.7037551373010399,0.553061902293006,0.8038816238371863,0.5,0.03859437740819871,49
Cleveland State,0,0,5,9,314,284,Horz,8-21,101.08624689268856,221,111.13585724142197,309,0.2516254219979994,287,5-13,0.4729975836221738,0.5322372466259718,0.43679556734207503,0.2777777777777778,-15.206659064663762,302
Coastal Carolina,0,0,6,6,207,163,SB,13-16,104.449757994901,152,103.1861115694321,166,0.5349371998744443,152,9-9,0.48550734778196025,0.4702914149564096,0.48900255032981665,0.5,-9.983608557558412,205
Colgate,1,1,10,1,88,132,Pat,23-10,108.76176646182819,70,105.63110587595227,224,0.5831894184873033,139,13-5,0.4070583139907387,0.5056555998952857,0.35783410424031675,0.7222222222222222,-4.394699640516203,111
College of Charleston,0,0,9,3,85,107,CAA,23-9,106.72675488499141,112,102.9747697138846,164,0.6014620039196654,135,12-6,0.43277019940648453,0.5170264596307256,0.3710399449007313,0.6666666666666666,-3.1168108168811193,89
Colorado,0,0,8,4,78,66,P12,21-12,105.94137465233737,127,95.9195045605754,46,0.7581988608856032,70,10-8,0.5642026202862682,0.4118654280745137,0.6570041138774213,0.5555555555555556,-3.619963563033884,99
Colorado State,0,0,5,7,232,189,MWC,11-20,106.7969637597214,107,107.79023438190555,263,0.47340960421206474,176,7-11,0.5192110773128927,0.47249716323982777,0.5433857342395657,0.3888888888888889,-13.017987714891516,260
Columbia,0,0,4,7,258,196,Ivy,8-18,102.13036551910011,196,105.77842988655462,229,0.40044528068465146,202,5-9,0.496386550809453,0.43611226726570823,0.5480502224183769,0.35714285714285715,-12.555660910004264,249
Connecticut,0,0,4,9,136,95,Amer,16-17,107.52343779756801,95,101.23178549029772,130,0.6667238793725748,107,6-12,0.5951673113516748,0.4320343359001573,0.6907752009042831,0.3333333333333333,-5.802699668200448,136
Coppin State,0,0,5,8,325,342,MEAC,8-25,87.42541381371552,349,109.3817309174941,286,0.07065537404142319,344,7-9,0.3593302811581646,0.6268844029519918,0.13503549175234467,0.4375,-18.177323099536203,336
Cornell,0,0,6,4,158,195,Ivy,13-15,98.7038571694425,260,103.22664680768801,168,0.3739672409746943,218,7-7,0.5054637014205496,0.459176555438784,0.5517508474023152,0.5,-8.547373634569988,176
Creighton,0,0,7,3,62,53,BE,17-14,112.54446364152636,32,97.969467016562,81,0.8313133333348628,47,9-9,0.7189405794408598,0.6360685166466981,0.7714069588916255,0.5,-2.3547455113837112,76
Dartmouth,0,0,1,8,265,217,Ivy,9-19,103.29721119757484,172,106.8059756694241,247,0.40512871325628197,200,2-12,0.4752107849060506,0.4030252472251126,0.5473963225869888,0.14285714285714285,-12.977493270697526,257
Davidson,0,0,9,2,45,75,A10,23-9,106.67896922582352,114,98.81109593619098,95,0.70704235127685,85,14-4,0.5497379283369745,0.5628201184625262,0.5371043935179018,0.7777777777777778,-0.9252574784832542,61
Dayton,0,0,9,3,76,69,A10,21-11,110.60354105758395,45,98.52662320332703,90,0.7907895237503075,56,13-5,0.5579489507612385,0.5635694251886035,0.5474752848925699,0.7222222222222222,-2.350143955307534,75
Delaware,0,0,4,5,204,238,CAA,15-16,103.3862432691551,170,111.71403561301489,319,0.29092205081788597,260,8-10,0.4040813560816901,0.3823167049809534,0.40477797920332637,0.4444444444444444,-11.095753110893558,222
Delaware State,0,0,2,12,351,351,MEAC,4-25,84.32329075130924,352,112.85264621972732,333,0.033849817856556455,352,2-14,0.28793036017063417,0.500984212748779,0.1583510142117718,0.125,-21.725647999269054,351
Denver,0,0,3,9,320,324,Sum,7-22,98.49578751693554,264,111.61519762565726,318,0.19185532078042578,310,3-13,0.442905201651146,0.4848533076860694,0.4088223654977709,0.1875,-16.0968567143679,314
DePaul,0,0,4,8,166,102,BE,15-15,111.04194748273068,42,103.64132122615862,174,0.6885131317973433,95,7-11,0.6327667106559453,0.3647642579798063,0.7872010474138454,0.3888888888888889,-5.225154928925861,123
Detroit Mercy,0,0,3,6,240,235,Horz,11-20,105.31051283396945,138,112.17576544966752,325,0.3260142599855309,239,8-10,0.5165645508358132,0.6312682548739955,0.42862889388160497,0.4444444444444444,-12.3036600862514,246
Drake,0,0,9,1,72,127,MVC,22-9,106.72967002529899,111,101.41856099230728,136,0.6426754261505185,122,12-6,0.48056114613464446,0.5353180546706658,0.45165013367475637,0.6666666666666666,-2.931273983227132,84
Drexel,0,0,5,6,238,233,CAA,12-19,103.20271153798055,174,112.69557603273606,331,0.26659978567635395,272,7-11,0.43933592929983384,0.47365225146429973,0.40745137704358525,0.3888888888888889,-13.59654049327856,276
Duke,1,1,9,3,1,3,ACC,29-5,119.48512748272086,7,88.17327543582712,6,0.9705369312646159,3,14-4,0.7477112997030012,0.6210692537571927,0.8103525094844914,0.7777777777777778,11.13359519995604,1
Duquesne,0,0,5,6,167,170,A10,19-13,103.86117161432954,164,104.24891781107274,186,0.48928835172310875,165,10-8,0.47884982277152655,0.37396749119270756,0.5536184727841413,0.5555555555555556,-6.726842949928889,148
East Carolina,0,0,2,11,268,258,Amer,10-21,98.31816207524683,271,105.40850353270477,214,0.3098550143868191,250,3-15,0.5358849987319908,0.2778642067626586,0.6961596841394383,0.16666666666666666,-12.304906749867776,247
East Tennessee State,0,0,8,3,68,72,SC,22-9,107.45144011993817,98,100.18331592977285,114,0.6911347306850215,93,13-5,0.498261724307021,0.4747521257579507,0.499985890109041,0.7222222222222222,-1.5455196229619366,67
Eastern Illinois,0,0,3,6,272,308,OVC,13-18,99.16402350441741,256,110.68715199554329,306,0.22024767531683653,297,7-11,0.3946231793295064,0.4209917069333864,0.384775511535503,0.3888888888888889,-12.129553774921865,242
Eastern Kentucky,0,0,4,7,233,259,OVC,11-18,98.41297056131968,266,105.12935015847606,206,0.3188162414904815,244,6-12,0.4583029402173398,0.5212122328883964,0.41985837247391616,0.3333333333333333,-11.364506678796271,227
Eastern Michigan,0,0,7,3,137,158,MAC,11-17,101.9048820443877,199,101.56853590023927,140,0.509503743438924,157,9-9,0.6127746042090234,0.6409669276661697,0.6049421123897999,0.5,-8.147830116284547,171
Eastern Washington,0,0,8,3,194,245,BSky,15-18,100.15617892386943,241,106.70431659246826,244,0.32556682790822333,240,12-8,0.40727469905076813,0.6441197005380294,0.29447354364821354,0.6,-11.957973751475736,238
Elon,0,0,6,6,276,277,CAA,9-21,98.9345065236259,258,109.430228839036,287,0.23875188190760727,294,7-11,0.4119846126092094,0.4267357279127881,0.41052379688721424,0.3888888888888889,-16.298783982786656,316
Evansville,0,0,2,10,273,208,MVC,9-21,97.80606272864938,277,105.37724047374515,213,0.2978742114762881,255,5-13,0.5029846347460886,0.5351280928601495,0.4891087462191397,0.2777777777777778,-14.529683323239636,292
Fairfield,0,0,4,9,329,292,MAAC,9-22,95.48314835508347,308,104.90760972863671,201,0.2530335416876871,286,6-12,0.3314620713212307,0.4356473648943094,0.2720655220124957,0.3333333333333333,-17.814390719814504,334
Fairleigh Dickinson,1,1,10,1,197,203,NEC,18-13,105.12788940161971,141,110.3369739367073,298,0.3644371185238171,222,12-6,0.3084656990305802,0.4615046596778651,0.23491106361595135,0.6666666666666666,-9.374534651051034,197
Florida,1,0,6,8,52,31,SEC,19-15,109.96025063965646,57,91.72005020212103,16,0.8895198817819147,25,9-9,0.7396356339323896,0.6308000201347347,0.7961542925398649,0.5,0.5931787785721029,47
Florida A&M,0,0,7,5,295,315,MEAC,10-19,88.18368391540183,347,101.59260032757115,141,0.16413051265063475,319,9-7,0.3401849357537864,0.5691783996701251,0.15412774632176116,0.5625,-14.088551976383165,286
Florida Atlantic,0,0,6,9,186,150,CUSA,14-15,98.59067044299816,263,98.03020712334443,83,0.5163844197375967,154,8-10,0.4784032547955922,0.4901724639686272,0.4683870274295709,0.4444444444444444,-9.082533970235007,193
Florida Gulf Coast,0,0,8,3,215,227,ASun,12-18,99.87582062312009,249,104.80320107399874,199,0.36498276711317773,221,9-7,0.47725211617474056,0.6046519972843524,0.38355076001303534,0.5625,-11.174967016379652,224
Florida International,0,0,7,6,161,187,CUSA,15-13,101.04373643043702,222,104.41920314994702,191,0.4066355164683048,199,10-8,0.47457238017470565,0.44846760150671333,0.4860707281858932,0.5555555555555556,-7.907392583511708,167
Florida State,1,0,11,4,11,16,ACC,27-7,112.23570248493245,34,91.00161001138616,13,0.9177246157706482,16,13-5,0.7116902699546674,0.5439644911293451,0.7910538200727413,0.7222222222222222,7.572365896529824,10
Fordham,0,0,3,14,312,243,A10,11-20,96.43841045848094,298,102.92039056799636,163,0.321237855983173,242,3-15,0.4431354456891335,0.26760571083303125,0.5561412392294813,0.16666666666666666,-14.892654528436521,296
Fresno State,0,0,8,3,104,80,MWC,22-9,107.1248329292002,101,98.96689390752056,96,0.7131860182406067,82,13-5,0.49500528232413576,0.4423670176819741,0.5165270534886058,0.7222222222222222,-2.0802352689212227,71
Furman,0,0,9,3,59,41,SC,22-7,107.37331908253049,100,95.6285882802377,43,0.7911975279057858,55,13-5,0.48131425206761275,0.4493070976220577,0.4889535695984193,0.7222222222222222,-0.47159198497547183,56
Gardner-Webb,1,1,8,3,134,173,BSth,20-11,105.39303971984972,135,108.06964876126725,268,0.42839264142600747,192,10-6,0.390742840191806,0.4364578252083245,0.3377216319552574,0.625,-5.079923695849447,120
George Mason,0,0,6,5,150,153,A10,18-15,102.81561620269355,182,103.48415695544432,173,0.4813749473845247,168,11-7,0.5168244730695073,0.47915202235359033,0.5492216154501209,0.6111111111111112,-6.85403321972462,152
George Washington,0,0,2,12,264,283,A10,9-24,95.48153847469277,309,104.20138720006463,185,0.26795673853519114,270,4-14,0.5274540677962589,0.4944639555799192,0.5638719088655466,0.2222222222222222,-15.83167503968378,312
Georgetown,0,0,7,3,90,82,BE,19-13,108.68097417675513,72,100.9564740381089,125,0.7001188035407209,88,9-9,0.652587357089217,0.4567338295527896,0.7859297810097817,0.5,-2.5137796904011163,78
Georgia,0,0,1,13,190,122,SEC,11-21,104.90814565674218,144,100.2784744477787,116,0.6269237718407764,127,2-16,0.6991435539378833,0.5010791797722034,0.8369576217989424,0.1111111111111111,-7.486658355730466,162
Georgia Southern,0,0,8,2,70,125,SB,19-12,107.38352045786328,99,100.3681095810486,119,0.6850257141215846,96,12-6,0.5397672539207827,0.6085936164103208,0.49428434587505216,0.6666666666666666,-4.914941560829369,118
Georgia State,1,1,8,1,57,121,SB,22-9,107.60046086678962,94,101.12962360938624,127,0.6711191357468319,104,13-5,0.5376757147544238,0.5955171028844131,0.4958048337169202,0.7222222222222222,-1.5854912721189895,68
Georgia Tech,0,0,3,10,152,126,ACC,14-18,99.98645483768557,244,95.1520422455605,36,0.6387457963863356,124,6-12,0.6707843592779468,0.443554246124785,0.8324657582901893,0.3333333333333333,-4.837945836939871,117
Gonzaga,1,0,12,1,8,2,WCC,30-3,124.00281026308483,1,90.57819068444937,10,0.9737130441761277,2,16-0,0.5854712959954996,0.5609853393191282,0.5928299844477376,1,6.9262277106001955,13
Grambling,0,0,7,3,279,293,SWAC,14-16,93.83674130107082,325,103.45666670184417,172,0.24557411734957488,291,10-8,0.29347183867797777,0.5537526298352382,0.1552072078856558,0.5555555555555556,-11.478957185401846,229
Grand Canyon,0,0,7,3,121,96,WAC,19-13,106.90112364212456,104,101.02183111721011,126,0.6571295239634879,112,10-6,0.4984481917311316,0.5288310861908421,0.44505967542715935,0.625,-5.685229775450545,131
Green Bay,0,0,7,4,183,221,Horz,15-16,101.34158079489583,213,105.53220459185482,220,0.3855698959191229,212,10-8,0.5008430571350776,0.6273007206108688,0.4221384788960532,0.5555555555555556,-8.457515843335047,175
Hampton,0,0,7,5,237,209,BSth,12-16,106.36554215185414,120,110.38676828103104,300,0.39490292636640983,207,9-7,0.38295493719673324,0.45698439290684867,0.3477762722257668,0.5625,-11.453730331245316,228
Hartford,0,0,8,4,164,183,AE,17-15,106.80117779893902,106,110.672187392359,305,0.399046041461309,205,10-6,0.38406976512570884,0.5057574829620747,0.28961491362236114,0.625,-9.275552074922391,195
Harvard,0,0,9,1,56,129,Ivy,17-10,103.07101283848806,177,97.94894149737024,80,0.6424873464410408,123,10-4,0.5404976715961632,0.5596725996249566,0.5142987629915109,0.7142857142857143,-3.0749964938530505,87
Hawaii,0,0,7,4,217,188,BW,16-13,102.46613223610879,188,105.80599324408237,231,0.4088163605836767,198,9-7,0.3946003249008415,0.4515632070462023,0.35435616875757625,0.5625,-8.678494175935649,179
High Point,0,0,6,5,227,240,BSth,14-15,97.97840570933994,275,103.93129532906937,181,0.3366399424371845,233,9-7,0.39483812778836774,0.4475707397634125,0.3531915117040793,0.5625,-10.267281786138648,208
Hofstra,0,0,9,1,47,76,CAA,26-7,114.86089888221855,19,108.50556062219502,273,0.6580428459723662,111,15-3,0.3756229586732852,0.3819017255887765,0.36488124916150577,0.8333333333333334,-1.9512979408730524,70
Holy Cross,0,0,4,10,168,232,Pat,16-17,99.57298232366884,253,106.68734136104254,241,0.311388923478205,249,6-12,0.4194379221776843,0.4616762369643514,0.3873452597837089,0.3333333333333333,-11.311602853202853,225
Houston,1,0,11,1,5,4,Amer,31-2,115.12815874230795,18,90.6135150564044,11,0.940115746141981,11,16-2,0.5916517677309284,0.4622259030783686,0.6678238277852301,0.8888888888888888,8.111756696471563,9
Houston Baptist,0,0,7,7,304,290,Slnd,10-18,102.06753300776542,198,111.5243820931023,316,0.2652225427514898,273,8-10,0.39768550834867594,0.6476115773286983,0.27296658768598714,0.4444444444444444,-13.115641708407649,265
Howard,0,0,8,3,302,306,MEAC,14-16,101.22250101043377,217,114.7881063314448,343,0.19056884367116905,312,10-6,0.28375216182299573,0.48695135650752946,0.13822502598662256,0.625,-12.867996752604622,256
Idaho,0,0,1,11,344,338,BSky,3-26,94.30174856644928,321,118.05160158020593,351,0.07023049251628516,345,2-18,0.34811602409421133,0.4289639331051719,0.32010725684944136,0.1,-23.443785292967696,353
Idaho State,0,0,4,10,275,307,BSky,9-19,102.46564189875409,189,116.52524448696212,348,0.18562769832851875,313,7-13,0.38598462056320154,0.6263081424036885,0.3083697318505683,0.35,-14.359258251652648,289
Illinois,0,0,6,10,174,109,B10,12-21,110.20716283791218,52,98.80026884416887,94,0.7784243978644587,63,7-13,0.7645445231987584,0.5989345180774923,0.8526847893374097,0.35,-5.593419389082343,128
Illinois-Chicago,0,0,7,4,222,215,Horz,14-16,100.21335679170323,238,101.54610371664067,139,0.46209001110637,179,10-8,0.4573369162967154,0.5279062133859133,0.4138369465087138,0.5555555555555556,-10.097697444999227,207
Illinois State,0,0,5,5,179,199,MVC,16-16,100.14910127946251,242,103.77424453741152,178,0.39917258898537666,204,9-9,0.509291792017135,0.5626423217528957,0.4780599914390732,0.5,-9.079514478814499,192
Incarnate Word,0,0,0,13,345,347,Slnd,2-25,97.36663435521174,284,118.64665224908453,353,0.09337027800522417,340,1-17,0.39638294173264865,0.5907808594600091,0.2991839828689685,0.05555555555555555,-20.261830691451344,345
Indiana,0,0,5,8,97,54,B10,17-15,108.46683194687668,77,95.06154990692599,34,0.8201078460971358,49,8-12,0.7367789137088375,0.5125453427736727,0.8551936302010439,0.4,-0.010784447479777248,51
Indiana State,0,0,5,8,188,198,MVC,13-16,100.75301298980716,226,104.33493983844693,190,0.40089358321356133,201,7-11,0.5128373925264144,0.5899753665933478,0.4778730722771841,0.3888888888888889,-9.552898895906718,198
Iona,1,1,8,1,201,202,MAAC,17-15,104.82918631119763,145,109.24874767633159,285,0.38345852256700097,213,12-6,0.35933153231272597,0.5148397673512123,0.27804708016198804,0.6666666666666666,-10.47154347060256,211
Iowa,1,0,5,6,54,43,B10,22-11,116.56224465551131,15,100.39374503766564,120,0.8477734299077251,40,10-10,0.7026878774088658,0.4078471111118672,0.8476982777135806,0.5,3.1661549103772955,27
Iowa State,1,1,6,5,33,21,B12,23-11,118.69529384165916,10,96.84809029303136,63,0.9120786685144897,18,9-9,0.7164763336555167,0.5060368925683215,0.8405717125040187,0.5,4.217088061763375,22
IUPUI,0,0,5,6,247,207,Horz,14-16,102.60319165432685,184,106.29279935706012,235,0.3998049702732163,203,8-10,0.4374267568361048,0.4398620614905726,0.42059166287260447,0.4444444444444444,-10.482222113613123,212
Jackson State,0,0,7,3,321,328,SWAC,11-19,89.75635369589887,340,104.26473973805709,187,0.15147282945734233,323,10-8,0.32269212972363986,0.6013503034576221,0.1656866060477992,0.5555555555555556,-14.559543136359274,293
Jacksonville,0,0,4,7,307,289,ASun,10-20,97.09783719287282,287,106.45952304812947,238,0.25759122233728593,281,5-11,0.411854612399229,0.4021608731059136,0.39677993959226726,0.3125,-14.292585691953624,288
Jacksonville State,0,0,9,3,123,130,OVC,22-9,103.21087898328915,173,99.5067454075141,106,0.603557794936785,131,15-3,0.39564637661552304,0.47852223156854273,0.3322869744297703,0.8333333333333334,-3.240199302934516,91
James Madison,0,0,4,8,260,252,CAA,12-19,100.21901317000192,237,110.01450384406401,294,0.25494232186273635,285,6-12,0.41047632862260364,0.40495684704743345,0.40873595533191137,0.3333333333333333,-14.188728975331538,287
Kansas,1,0,7,3,2,20,B12,25-9,112.24339850617636,33,92.24386397050762,17,0.9052260758967073,20,12-6,0.793725713542771,0.7183586775293952,0.8413527025490617,0.6666666666666666,8.24476544827841,8
Kansas State,1,0,9,1,15,24,B12,25-8,107.84601195222359,88,87.52975251245267,4,0.9168535883851088,17,14-4,0.7188204928987794,0.5267511414019547,0.8400267134528425,0.7777777777777778,6.4616459425669746,14
Kennesaw State,0,0,3,8,334,343,ASun,4-26,91.0869838989025,339,109.1651757712431,284,0.11085446524909913,336,3-13,0.5030671955379992,0.5859964980769042,0.4152198798617897,0.1875,-18.601842118279688,338
Kent State,0,0,7,3,80,138,MAC,20-10,108.7921148045909,69,105.50203582633944,219,0.5873809921678613,138,11-7,0.528699007814331,0.4274688352028379,0.5858844918478637,0.6111111111111112,-2.7320698815465096,81
Kentucky,1,0,10,2,6,6,SEC,27-6,117.7329377181085,12,90.70438792366907,12,0.952544775151013,9,15-3,0.7155016994711054,0.5616653722821655,0.8086058535711579,0.8333333333333334,8.727791348667049,7
La Salle,0,0,6,9,266,214,A10,10-21,99.8784572590691,248,102.03217986802014,148,0.43896990788577245,186,8-10,0.5371196918145764,0.540925875654159,0.5307891429704824,0.4444444444444444,-13.381284815650718,270
Lafayette,0,0,5,7,271,280,Pat,9-20,100.55094443212178,231,112.65168321430745,330,0.21302027294246836,301,7-11,0.40206295255680047,0.424567154917875,0.3981853303902796,0.3888888888888889,-15.725871226816615,310
Lamar,0,0,10,3,206,220,Slnd,16-13,103.05120745399594,178,107.0099117518006,250,0.39329145947133837,209,12-6,0.33742288196183645,0.5182711930955693,0.25429662453551083,0.6666666666666666,-9.026406163392181,189
Lehigh,0,0,8,3,111,159,Pat,20-11,107.50306353400265,96,108.34314244986174,270,0.4776356733025057,175,12-6,0.4172683990763593,0.49346036345994465,0.36926991267022363,0.6666666666666666,-5.517723713330632,126
Liberty,1,1,10,1,83,58,ASun,25-6,108.33170765173091,78,99.84443679334206,110,0.718740422949871,79,14-2,0.394181990338547,0.4480425074739314,0.34029668569672833,0.875,-0.6271707911760256,59
Lipscomb,0,0,10,1,73,49,ASun,23-7,108.83433005302106,67,97.4766399298322,69,0.7803079202723487,62,14-2,0.44057984273668105,0.6220430999525625,0.33265177493031717,0.875,-0.5062258625507717,57
Little Rock,0,0,3,11,281,236,SB,8-21,98.3709051916177,268,104.06529545797744,184,0.34363323613967195,228,5-13,0.47851728676721056,0.4550839322199472,0.4928376701016496,0.2777777777777778,-14.961817765178493,298
Long Island University,0,0,6,5,250,250,NEC,15-16,97.47050469930824,281,105.20244992151015,211,0.2936187648577206,259,9-9,0.2939697454833474,0.3635298366976016,0.24264914854315636,0.5,-13.07040839419757,262
Longwood,0,0,3,9,315,291,BSth,12-17,95.24763747684152,312,106.74971087111439,245,0.2123066063934662,302,5-11,0.3456436908515742,0.3012476262310637,0.3709283491067291,0.3125,-13.050169881528616,261
Louisiana,0,0,7,5,143,192,SB,17-13,106.5053557579729,117,106.86848709447035,248,0.490215573669136,164,10-8,0.4887792825332177,0.4742591384274904,0.5026463661269827,0.5555555555555556,-6.4925098761030835,142
Louisiana-Monroe,0,0,5,6,172,151,SB,17-15,111.48105667679518,39,108.59846371978941,275,0.5747530301828382,141,9-9,0.47720009210694597,0.4303240007913685,0.4934880535494021,0.5,-7.485633435524953,161
Louisiana State,1,0,10,1,13,14,SEC,26-6,118.73311432754204,9,96.97295689094727,64,0.9111801178552458,19,16-2,0.7085737487558106,0.5852103183712246,0.7876169966432612,0.8888888888888888,7.263394142719292,11
Louisiana Tech,0,0,6,8,106,119,CUSA,18-13,102.9311888928925,179,101.4703455169061,137,0.5410032556569563,151,9-9,0.4695437494795648,0.4318430220264395,0.4802199632503544,0.5,-7.0327044902278075,153
Louisville,1,0,5,6,32,22,ACC,20-13,113.16111260499352,27,91.19805579094958,14,0.9228317263795174,14,10-8,0.7352852739980771,0.610581942303676,0.813740832171215,0.5555555555555556,2.2300616967557296,32
Loyola (IL),0,0,7,1,130,128,MVC,19-13,104.6151978496733,151,98.74464227580273,93,0.6601907606260288,110,12-6,0.4690134838068485,0.5047361128943019,0.44974021209121484,0.6666666666666666,-7.226609061380851,158
Loyola (MD),0,0,4,7,277,281,Pat,11-21,100.27093600825572,236,109.09809567426495,280,0.27482611324656886,268,7-11,0.41636587639138256,0.4510674908248023,0.39135661026386326,0.3888888888888889,-15.118590800692452,300
Loyola Marymount,0,0,7,5,122,142,WCC,18-11,102.9285793603526,180,99.30417948932822,98,0.6016268714451278,134,8-8,0.5050939152662388,0.3910069311478148,0.5877175907262129,0.5,-4.013728868993251,105
Maine,0,0,2,8,336,335,AE,4-27,93.30849021935049,330,110.76091008493478,307,0.12219328424742189,333,3-13,0.4237025841424842,0.5115085160138336,0.3240063328251504,0.1875,-20.91973854106226,349
Manhattan,0,0,6,7,316,318,MAAC,11-21,89.23552717527502,343,103.73687575822609,177,0.15037643598493006,324,8-10,0.3282907594778559,0.4034315550566192,0.2862794724029621,0.4444444444444444,-17.397050045931092,329
Marist,0,0,5,8,286,278,MAAC,12-19,100.71649306170863,227,107.48231129150417,258,0.3213243556103912,241,7-11,0.3289667136180553,0.41495164637591336,0.2797988751179299,0.3888888888888889,-15.176458661414197,301
Marquette,1,0,7,2,30,28,BE,24-9,113.11372261313173,28,95.15877228951527,37,0.8795037951371513,28,12-6,0.6770692215021635,0.5350847902206886,0.7659826013199202,0.6666666666666666,2.65915514876712,29
Marshall,0,0,6,2,100,148,CUSA,19-14,106.74640658141833,108,108.03385028841163,265,0.46558721818528714,178,11-7,0.506732999693849,0.5379869823056602,0.48447919026637265,0.6111111111111112,-6.482205455744178,141
Maryland,1,0,6,5,28,27,B10,22-10,112.70984873515303,30,93.03677501087927,23,0.9007827798376458,22,13-7,0.7191011834780424,0.44437526443932585,0.8639233836064367,0.65,4.137897585033803,23
Maryland-Baltimore County,0,0,9,3,196,226,AE,18-13,94.81418794177611,317,101.2239546766957,129,0.32032289296250144,243,11-5,0.3580559267219916,0.4156121695977974,0.2992640204762826,0.6875,-8.122571474886417,170
Maryland-Eastern Shore,0,0,5,9,348,352,MEAC,5-25,85.71025973508594,351,115.02144705950741,345,0.0328411698342643,353,5-11,0.3402149646039086,0.5850496903303892,0.1566997610890215,0.3125,-19.934663773932193,341
Massachusetts,0,0,4,12,269,224,A10,11-21,102.58452108367663,185,108.38722466882427,271,0.34688350773582094,227,4-14,0.49734958975991644,0.42642104411384757,0.5613198089047302,0.2222222222222222,-13.869386761993454,280
Massachusetts-Lowell,0,0,5,5,252,257,AE,13-17,101.83525733589212,203,112.86556723392266,334,0.2345720766164591,295,7-9,0.34644828529208826,0.3813344943601059,0.30987133402021716,0.4375,-13.014982547013169,258
McNeese State,0,0,3,12,333,326,Slnd,6-21,96.92955638537488,292,113.56697230184432,338,0.13923064579621056,326,5-13,0.37584519556148993,0.577349920196253,0.2750928332441085,0.2777777777777778,-17.421402116506318,330
Memphis,0,0,7,5,49,46,Amer,21-13,108.1875406040913,81,97.04771364448436,65,0.7772357643811825,65,11-7,0.6038810216636561,0.520214005226775,0.6561144092204269,0.6111111111111112,-1.4286273437949522,66
Mercer,0,0,5,6,253,216,SC,9-20,102.5665836504462,186,105.44827771038261,216,0.42100564587380335,196,6-12,0.5442184855704032,0.5463411271108063,0.5293181823623343,0.3333333333333333,-12.241860848774355,244
Miami (FL),0,0,4,11,128,92,ACC,14-18,109.83024066794322,59,98.33783004707195,88,0.780924452666675,61,5-13,0.6851269095039519,0.4789287549357924,0.8171834122973815,0.2777777777777778,-5.108591264351013,121
Miami (OH),0,0,5,5,149,146,MAC,13-17,103.17070129908493,176,101.2222886334485,128,0.5545960154185243,144,7-11,0.5817602986155792,0.5105869779409584,0.6170023392217884,0.3888888888888889,-8.776101612948914,182
Michigan,1,0,8,3,12,9,B10,28-5,115.9430979518659,16,85.70015582943151,1,0.9699917801230673,4,15-5,0.7187436189380823,0.45157489725609673,0.8535619917892164,0.75,9.34704029940923,6
Michigan State,1,1,8,1,10,8,B10,27-6,120.18414219366431,6,91.43933914242503,15,0.958652506862354,6,16-4,0.7606667164079792,0.5802814022912849,0.8480375810966105,0.8,9.782856638339394,5
Middle Tennessee,0,0,6,9,243,248,CUSA,9-21,96.96858129637337,289,103.71401150118876,176,0.31574898177047633,247,8-10,0.5440138243185423,0.720432956747394,0.4361172502482867,0.4444444444444444,-13.363877695244634,269
Milwaukee,0,0,1,10,319,299,Horz,8-22,98.35731395562925,269,107.61494578015325,260,0.26222127257713324,274,4-14,0.4473921299820239,0.4650393619221287,0.4356273086886207,0.2222222222222222,-16.162793635925773,315
Minnesota,1,0,5,7,37,61,B10,21-13,110.07901033216055,54,95.77038270088633,44,0.8322022894435652,45,9-11,0.7421856651725045,0.4756707427744045,0.8604274225678324,0.45,2.6546005025412707,30
Mississippi,1,0,6,6,63,36,SEC,20-12,112.97864669571206,29,96.55994906571135,59,0.858865624015626,38,10-8,0.687568137608272,0.5092852914772329,0.8101518505644998,0.5555555555555556,0.8823604923124385,43
Mississippi State,1,0,7,6,24,19,SEC,23-10,116.58167047180768,14,96.30789057244996,54,0.8999780578352866,23,10-8,0.7286030932616715,0.5845619239950008,0.8210994662957743,0.5555555555555556,4.466662270192817,21
Mississippi Valley State,0,0,3,9,350,349,SWAC,5-26,89.59884237348086,341,113.39032413429663,337,0.062492563764424434,348,4-14,0.357040786618624,0.6080021331233514,0.17579092525409842,0.2222222222222222,-20.232191454537364,342
Missouri,0,0,4,12,129,77,SEC,15-17,107.05878161261896,103,95.24122904445582,38,0.7933271965953331,54,5-13,0.7159336437837255,0.5631893651746144,0.8112769445248172,0.2777777777777778,-3.1031487351466445,88
Missouri-Kansas City,0,0,4,7,249,225,WAC,10-21,99.55346788068,254,106.00377835487859,232,0.32695964483937734,237,6-10,0.5074870893690021,0.5228958834682174,0.4853920265899357,0.375,-13.696643344712827,277
Missouri State,0,0,8,3,185,162,MVC,15-16,101.74458456750199,205,102.40386428002223,155,0.4814393416025053,167,10-8,0.4687349985736244,0.46673246025922777,0.4691409188649545,0.5555555555555556,-9.93652440525564,204
Monmouth,0,0,6,6,221,287,MAAC,14-21,92.79972002438134,333,102.20221731221298,150,0.24789659245905452,289,10-8,0.3930978851959014,0.57808989486445606,0.28216942697684155,0.5555555555555556,-15.434980416271475,306
Montana,1,1,10,1,82,124,BSky,24-8,106.59316104781004,116,103.20290673990358,167,0.5918713515447618,137,16-4,0.36737260870891486,0.6044936763978259,0.2684611162922232,0.8,-3.278665207813985,92
Montana State,0,0,7,4,241,246,BSky,14-17,105.4769250593084,133,115.4417043142469,346,0.26150809694237304,276,11-9,0.37035955553334327,0.5632636016822721,0.30079882430140187,0.55,-12.306277585731285,248
Morehead State,0,0,5,5,226,264,OVC,11-20,100.99375004009381,224,109.6353139153493,291,0.28006074769033557,262,8-10,0.4872472536290111,0.6111918078603357,0.424106945607358,0.4444444444444444,-12.683907807782743,253
Morgan State,0,0,2,11,342,333,MEAC,8-20,91.35982503251239,338,111.43531812488226,314,0.09242803001019288,341,4-12,0.2668720091083854,0.48795185421573967,0.12714315528851797,0.25,-17.330157306649895,328
Mount St. Mary's,0,0,5,9,297,319,NEC,7-22,94.88410063727741,316,108.89183057028893,278,0.17029516190431923,317,6-12,0.37700051008760166,0.5745020011708354,0.2563051544256254,0.3333333333333333,-16.92877395105968,324
Murray State,1,1,10,1,40,44,OVC,25-4,110.04066417443732,56,99.32290328788133,99,0.7646687197192497,69,16-2,0.3971805507465264,0.4846845661339485,0.320163225163882,0.8888888888888888,1.1308577972959548,40
Navy,0,0,5,5,213,279,Pat,12-19,96.95597651854669,290,105.4491179938326,217,0.2757439142273395,266,8-10,0.4331431282437005,0.4721043862579208,0.3912556832236753,0.4444444444444444,-13.542554573663313,274
Nebraska,0,0,3,13,89,48,B10,17-16,111.4572494787974,40,96.19792661696388,52,0.8446422903345989,42,6-14,0.7636803360493009,0.5411766232740793,0.8612378981665495,0.3,-0.06412717687877062,52
Nevada,1,0,10,1,19,23,MWC,29-4,112.59639204154561,31,95.26029766532079,39,0.8724459332822881,32,15-3,0.552337612982026,0.5705780817418642,0.5282228453347899,0.8333333333333334,3.7915725044149475,25
Nevada-Las Vegas,0,0,6,4,170,157,MWC,17-14,104.77563351825125,147,105.53254400552487,221,0.47931715921789614,172,11-7,0.4872043606133605,0.4605461738459586,0.49975253682047543,0.6111111111111112,-7.581686824997546,164
New Hampshire,0,0,2,8,349,345,AE,3-24,83.45544411382328,353,106.00933316971313,233,0.06003223526709218,349,3-13,0.359165917506165,0.3987123708661404,0.3319777308211819,0.1875,-20.258160690053625,344
New Mexico,0,0,4,7,200,185,MWC,13-18,102.66228929073722,183,104.45420908337563,192,0.4504147262382092,182,7-11,0.5314724538931089,0.5264525037401173,0.5355693456388644,0.3888888888888889,-10.356210483785484,209
New Mexico State,1,1,12,1,44,40,WAC,28-4,111.7744508301941,38,98.17405790781885,85,0.8163815026902423,50,15-1,0.4356213169899934,0.46109763381053337,0.42531146615636234,0.9375,1.3617428238919522,38
New Orleans,0,0,8,3,212,266,Slnd,15-13,96.21682376823114,302,104.53090982662474,193,0.27826105466276685,263,12-6,0.36851767679717345,0.6385738238311083,0.24550401753233514,0.6666666666666666,-8.76714131525215,181
Niagara,0,0,4,9,309,301,MAAC,13-19,101.46225391935826,211,114.99748891413492,344,0.19153456661580892,311,6-12,0.31437037340706436,0.35744390772114437,0.28695469756492836,0.3333333333333333,-15.578435904219836,309
Nicholls State,0,0,4,9,313,313,Slnd,10-17,98.59588073281446,262,110.53557945249979,303,0.2117278495440457,303,7-11,0.3525527452657588,0.5421916222325248,0.2577333067823758,0.3888888888888889,-12.675390764999152,252
NJIT,0,0,6,5,133,172,ASun,20-12,98.8108887112096,259,102.57983150955677,159,0.39401037884396395,208,8-8,0.40217702080481793,0.39405894949936326,0.3799989544899038,0.5,-6.27062119709008,139
Norfolk State,0,0,10,1,203,260,MEAC,18-13,96.23284334169145,301,105.41909326709606,215,0.2595151224072332,279,14-2,0.2856897360310509,0.5236510724359376,0.12868143640004562,0.875,-9.01790922964013,188
North Alabama,0,0,4,6,285,310,ASun,7-22,94.12243250643235,324,105.07495182096531,205,0.21996138575082827,298,7-9,0.4977093777884901,0.6237976993136513,0.4014607519532106,0.4375,-14.720607230643463,294
North Carolina,1,0,11,1,4,7,ACC,27-6,120.69756902941825,5,90.45605775497395,9,0.9650031648570997,5,16-2,0.752852489108199,0.6109690114788303,0.8337870185387576,0.8888888888888888,9.893382820403453,4
North Carolina-Asheville,0,0,2,10,346,350,BSth,2-26,92.75319664637435,334,116.24542988915508,347,0.06937963801628032,346,2-14,0.4499875272842807,0.5607013633954652,0.37050687725253173,0.125,-20.843502765477254,347
North Carolina-Greensboro,0,0,10,2,31,60,SC,26-6,104.63576388950808,149,97.51654379091616,71,0.6921795327026194,92,15-3,0.4983749511074138,0.428116990776393,0.49987148055083036,0.8333333333333334,1.836822737819706,36
North Carolina-Wilmington,0,0,2,10,263,263,CAA,9-23,104.15870923965845,157,113.2693286896539,336,0.2760170272513253,264,5-13,0.46313855602410936,0.5472664828929633,0.4064152247002014,0.2777777777777778,-16.766035892675145,323
North Carolina A&T,0,0,9,2,219,294,MEAC,17-13,94.89929928761981,315,106.96230867142725,249,0.2016373358784543,305,13-3,0.3006977618971795,0.5481358835588784,0.13394728405683587,0.8125,-8.454473368066019,174
North Carolina Central,1,1,7,3,291,302,MEAC,15-15,96.85976355616386,294,107.61770479602524,261,0.2294903352479205,296,10-6,0.2727725493259997,0.5087448151197681,0.13074882733129128,0.625,-10.959315473661055,219
North Carolina State,0,0,6,8,96,33,ACC,22-11,112.20397993460884,35,95.78560716429828,45,0.8604904347490027,37,9-9,0.6246057409797974,0.34527030714439577,0.7912928669418281,0.5,1.855550235055702,35
North Dakota,0,0,5,7,296,285,Sum,8-18,97.39524796339572,283,104.66679632922737,196,0.3040571372623198,254,6-10,0.437657108513313,0.5098446486101488,0.39488146286360254,0.375,-12.822344131255155,255
North Dakota State,1,1,7,3,178,222,Sum,16-15,105.89836931744668,129,108.41617921076335,272,0.43285284022460113,190,9-7,0.4458184122575068,0.5635695051557371,0.3791022433261254,0.5625,-8.660898730807238,178
North Florida,0,0,6,3,169,190,ASun,14-17,102.31931728059439,192,104.32669551930144,189,0.44437343889253084,183,9-7,0.5126410179319817,0.68934649519111,0.3738513329525485,0.5625,-7.9640054774097315,168
North Texas,0,0,3,9,160,147,CUSA,18-12,97.41403340914857,282,97.32783402708526,67,0.502545123988451,158,8-10,0.4242436092062943,0.33780335934555317,0.46171345631074323,0.4444444444444444,-7.1085306160440345,154
Northeastern,1,1,10,2,46,78,CAA,23-10,109.65557541876032,60,101.90854252080999,145,0.699010071512397,89,14-4,0.4830371516072143,0.6597895106925615,0.3604016665294775,0.7777777777777778,-2.879025326385653,83
Northern Arizona,0,0,5,8,301,286,BSky,10-21,99.18748730619612,255,112.06492848868723,322,0.19721928798086863,309,8-12,0.36217699417841986,0.4823200526442145,0.30720667612764396,0.4,-16.71494638301387,321
Northern Colorado,0,0,9,2,155,169,BSky,19-11,102.07759271938365,197,102.80045191859861,161,0.47972365370054143,171,15-5,0.3346035510458155,0.46601454544478077,0.27939789402194914,0.75,-6.691530620001297,147
Northern Illinois,0,0,4,4,163,139,MAC,15-17,106.42850098879633,118,104.5631570581994,194,0.5506617188343425,147,8-10,0.5429339350767388,0.46331848726511615,0.5826712462727409,0.4444444444444444,-8.954293739421193,187
Northern Iowa,0,0,6,5,148,167,MVC,14-18,100.60532384176602,229,101.30722902929736,134,0.48002193368250395,170,9-9,0.5197992472606154,0.5981531355175739,0.46929441278352857,0.5,-11.073782989367377,221
Northern Kentucky,1,1,8,1,95,115,Horz,24-8,108.1221797701472,83,102.29439431674072,152,0.6541158489849666,116,13-5,0.4202063774370124,0.45376279690917143,0.39300334833047634,0.7222222222222222,-2.2699516489058755,73
Northwestern,0,0,1,14,195,89,B10,13-19,101.426036649048,212,92.59882257009806,19,0.7402203500441458,77,4-16,0.7108653493736834,0.44266394988587,0.8549981666673352,0.2,-5.722132449420626,133
Northwestern State,0,0,4,11,331,334,Slnd,8-20,89.35606362657936,342,109.02491889065809,279,0.09213048982288558,342,6-12,0.37118043682746116,0.5519700784436301,0.27074174704070053,0.3333333333333333,-14.9219426789582,297
Notre Dame,0,0,2,14,171,112,ACC,14-19,107.85230417074027,87,99.5827959513895,107,0.7145106480399197,80,3-15,0.6712021993622843,0.44830034335528246,0.8200105884755866,0.16666666666666666,-5.709361942714515,132
Oakland,0,0,7,3,214,211,Horz,15-17,106.26287325202614,124,107.08167342167073,252,0.47794614684435965,174,11-7,0.4617384641782479,0.5383543867083064,0.4121195660932629,0.6111111111111112,-10.360845269317206,210
Ohio,0,0,4,6,147,175,MAC,13-17,98.18366359047525,273,100.52964959104051,121,0.43252712468599047,191,6-12,0.585221729729747,0.5289973018480141,0.6171822212330872,0.3333333333333333,-8.720745137493694,180
Ohio State,1,0,5,8,74,55,B10,19-14,108.15081379127747,82,93.9247445609123,29,0.8350538641483277,44,8-12,0.7327502895200395,0.4944141028196277,0.8481722035092094,0.4,0.8314068395322308,45
Oklahoma,1,0,5,7,38,37,B12,19-13,108.67541693388708,74,93.2305410423919,25,0.8535647304207286,39,7-11,0.7853339543361323,0.705204151012135,0.8471993844542024,0.3888888888888889,2.4508368762535717,31
Oklahoma State,0,0,4,9,119,79,B12,12-20,108.99479395605258,65,100.93208874481023,124,0.7076091581010039,84,5-13,0.771063899052037,0.6378556123249258,0.8633983273705567,0.2777777777777778,-4.122597777428499,106
Old Dominion,1,1,9,1,71,100,CUSA,26-8,100.65886408765442,228,95.5568905803433,41,0.6452392333308226,119,13-5,0.46859792436867936,0.4293038345915944,0.4796132038696409,0.7222222222222222,-1.840190664690266,69
Omaha,0,0,10,2,125,178,Sum,20-11,108.67759012509723,73,109.7277725771158,292,0.4723795780608572,177,13-3,0.4341788228186647,0.5275707235721395,0.3694532647932422,0.8125,-4.635080226672622,116
Oral Roberts,0,0,4,5,303,296,Sum,9-21,103.49454491071766,168,112.6032060153087,329,0.27487257890380623,267,7-9,0.4858071436708062,0.5973537100221467,0.39848520247700786,0.4375,-14.365856658911174,290
Oregon,1,1,8,4,50,51,P12,23-12,106.34875376015867,122,92.55676852622642,18,0.831650346996763,46,10-8,0.6083969757369151,0.536339381246861,0.6488881473223634,0.5555555555555556,-1.2068819677601887,64
Oregon State,0,0,6,4,109,87,P12,18-13,110.2952571921833,51,103.83834623758901,179,0.6667993673649661,106,10-8,0.5976262681621682,0.48004365114816844,0.6670939799102107,0.5555555555555556,-3.9657512169846387,103
Pacific,0,0,3,9,187,210,WCC,12-18,98.29080438686665,272,102.33297309811552,153,0.38616372144284455,211,4-12,0.5424838222730555,0.4419240549103083,0.6235839398143694,0.25,-9.657043550707144,200
Penn State,0,0,7,10,92,50,B10,14-18,110.11822473563103,53,92.92596221307865,21,0.8756800296602598,31,7-13,0.7741929231975064,0.6111785102076319,0.8609503820295492,0.35,-2.8004094215948294,82
Pennsylvania,0,0,7,4,103,110,Ivy,18-12,104.03557389675302,159,97.54468096592359,72,0.6771832556958403,100,7-7,0.5242641405222257,0.5302273617102413,0.5094304602534268,0.5,-5.118485331562488,122
Pepperdine,0,0,4,8,180,166,WCC,15-18,106.88517511249856,105,104.95657089523723,202,0.5521589173599135,146,6-10,0.5096253179339254,0.3659154766361895,0.5848384183450546,0.375,-9.76846112314574,203
Pittsburgh,0,0,1,14,182,123,ACC,14-19,104.10838436685951,158,97.98197590937974,82,0.6676250847231371,105,3-15,0.6542185209003244,0.364284825583625,0.8509974628031547,0.16666666666666666,-6.354944013391792,140
Portland,0,0,0,10,323,327,WCC,5-25,93.30861847124382,329,108.0458432053368,266,0.15625038421984946,321,0-16,0.5103142896771613,0.3510919265973313,0.6280425473444463,0,-17.952071746001394,335
Portland State,0,0,8,4,259,268,BSky,13-16,101.09074639337192,220,111.3004738793249,312,0.248529272942642,288,11-9,0.351208027526451,0.47284406681422975,0.3020870898446252,0.55,-12.00740994441516,240
Prairie View,1,1,11,1,151,205,SWAC,21-12,101.22253549978517,216,105.60347335782645,223,0.3805408457519472,215,17-1,0.3156262154522287,0.6089721535237401,0.1404289115825338,0.9444444444444444,-7.137989119716934,156
Presbyterian,0,0,7,5,225,204,BSth,15-15,107.49805070762622,97,110.40372002352285,301,0.4239160835371899,194,9-7,0.3804909388210242,0.4546783385711713,0.3346630919842935,0.5625,-9.682546476885166,201
Princeton,0,0,6,3,118,180,Ivy,14-12,98.0603824230617,274,98.23403602310935,86,0.49491338561242554,161,8-6,0.5177318252063527,0.4732044113701233,0.5348846668666786,0.5714285714285714,-5.683501670013035,130
Providence,0,0,5,8,86,70,BE,18-15,104.39072602720753,154,93.66391651458501,27,0.7767662332841866,66,7-11,0.6662631067351139,0.4896238635918878,0.7774834086326151,0.3888888888888889,-3.4395134356891894,94
Purdue,1,0,10,1,14,12,B10,23-9,121.46647947725747,4,94.41470030087748,30,0.9477141842013602,10,16-4,0.7640375780671768,0.602555746179664,0.8494443500364044,0.8,6.06991042685649,16
Purdue-Fort Wayne,0,0,5,3,218,219,Sum,15-15,106.60957230108082,115,107.33427120489051,256,0.4805326103891331,169,9-7,0.4301427937964766,0.5079095161993555,0.3732904797332281,0.5625,-9.573795700238854,199
Quinnipiac,0,0,8,2,242,244,MAAC,16-14,103.95632378840523,160,110.50923618346793,302,0.33115297612596245,236,11-7,0.29552496949546636,0.3399870758482484,0.27099970322504346,0.6111111111111112,-10.872166342725869,217
Radford,0,0,8,1,102,144,BSth,19-11,106.71533878490756,113,104.76907491610221,197,0.5527213031665861,145,12-4,0.4611070419338979,0.649650687192885,0.34071290308635194,0.75,-4.436937350828292,113
Rhode Island,0,0,5,8,107,137,A10,18-15,103.78202425291235,166,99.99054322027027,113,0.605395364913682,130,9-9,0.5475403723383153,0.46244298119438015,0.5842629111478799,0.5,-6.846906955206066,151
Rice,0,0,6,9,234,212,CUSA,11-19,101.56669553127884,209,108.77834222884096,277,0.31241337604987096,248,8-10,0.4600746180075081,0.5129830365672909,0.42743543998882216,0.4444444444444444,-13.017873449158143,259
Richmond,0,0,5,10,248,194,A10,13-20,108.0980329131255,85,107.52081920217302,259,0.5153879802197323,156,6-12,0.4752464977417371,0.3653965538706433,0.5521295889065043,0.3333333333333333,-13.503328354528398,272
Rider,0,0,6,2,193,201,MAAC,16-15,99.97093049538805,246,104.64536138997036,195,0.3715616218696057,219,11-7,0.3571660223825201,0.4972174794786297,0.26552057005251894,0.6111111111111112,-10.086146096670007,206
Robert Morris,0,0,6,3,229,267,NEC,15-16,94.17729088692874,323,103.12861248922133,165,0.26034529713343907,277,11-7,0.32749597683155895,0.4600698052257242,0.24630735898088915,0.6111111111111112,-11.524158308632323,230
Rutgers,0,0,5,10,142,101,B10,14-17,105.13919371520211,140,95.95306437051752,47,0.7410433835313395,76,7-13,0.7204508129521054,0.43714396546364187,0.8558946628271409,0.35,-3.5311229240806146,97
Sacramento State,0,0,6,8,261,272,BSky,12-16,96.46022319470464,297,105.6377177671714,225,0.2601527705800912,278,8-12,0.3343916709057397,0.42586857046682897,0.3009332361558195,0.4,-12.578271640875878,250
Sacred Heart,0,0,7,3,254,241,NEC,14-17,102.27543774339193,193,110.32007314737987,297,0.2951007511884197,258,11-7,0.322014996271507,0.44885101549523654,0.24248658943488202,0.6111111111111112,-13.220374281858923,266
Saint Francis (PA),0,0,9,1,184,265,NEC,16-14,104.74950657750132,148,112.39284065481763,327,0.3079061569246563,252,12-6,0.3409111329165263,0.5830672068916365,0.24108319954131754,0.6666666666666666,-9.060244473307472,191
Saint Joseph's,0,0,4,10,173,171,A10,14-19,105.17635193496017,139,105.30504298498127,212,0.4964844330494761,160,6-12,0.5616407961600638,0.5676005338886905,0.5532782572052191,0.3333333333333333,-10.594570840188647,213
Saint Louis,1,1,5,6,98,103,A10,22-12,102.24978360897894,194,96.01392021869874,49,0.6734087688278888,101,10-8,0.5371454224720463,0.498382552363707,0.5428195182240114,0.5555555555555556,-3.5161231865736022,96
Saint Mary's (CA),1,1,8,2,35,32,WCC,22-11,113.63212933026028,22,96.4417793275032,55,0.8683340095861074,35,11-5,0.583613076031015,0.5243125274367056,0.6077673541413251,0.6875,-0.8663614726056644,60
Saint Peter's,0,0,3,9,322,317,MAAC,10-22,93.71444021627292,327,106.78707931403396,246,0.1821686135063944,314,6-12,0.3496824917924035,0.44733034138609146,0.2842829312493065,0.3333333333333333,-17.135364817479335,326
Sam Houston State,0,0,10,1,144,174,Slnd,18-11,105.43410372257958,134,105.69778425459492,227,0.4928193717109205,163,16-2,0.3659646780044821,0.5393141273442041,0.2745318518908621,0.8888888888888888,-6.740012002262484,149
Samford,0,0,4,6,199,160,SC,16-16,105.74748520220577,130,103.3509299702337,171,0.5655267343131987,143,6-12,0.4703249542134347,0.40128826620026126,0.5136609336706706,0.3333333333333333,-8.872960593404187,185
San Diego,0,0,5,7,77,97,WCC,20-14,104.63007817071676,150,97.33666346480933,68,0.6965528870669705,90,7-9,0.5728005567682006,0.5252773131064209,0.6231672858375148,0.4375,-3.7757870676896808,100
San Diego State,0,0,8,4,84,116,MWC,20-13,102.45714582207727,190,96.827820618992,62,0.6569807282497202,113,11-7,0.5396587179317545,0.49684495352997476,0.5316608400691842,0.6111111111111112,-4.213807582687495,107
San Francisco,0,0,6,4,87,74,WCC,20-10,111.14715355661662,41,101.40056225453134,135,0.7418159650485352,75,9-7,0.506645380641875,0.3793772263454791,0.6072061599648302,0.5625,-2.7148172180846712,80
San Jose State,0,0,1,11,338,341,MWC,3-27,92.50269198138128,336,112.24821402734173,326,0.09753127006425373,338,1-17,0.49391624138171525,0.41286799633719173,0.5521683294282882,0.05555555555555555,-20.38375302906932,346
Santa Clara,0,0,6,5,189,181,WCC,15-15,100.15831365044635,240,102.45368779596049,157,0.43522207233541516,188,8-8,0.5147261543719144,0.3706848936742692,0.6203955078970962,0.5,-7.1660835551383535,157
Savannah State,0,0,7,7,332,339,MEAC,10-20,94.34159044381768,320,117.22308456381074,350,0.0760475420671235,343,8-8,0.3158557876861278,0.5578756746436897,0.13684000264737994,0.5,-15.024337086065454,299
Seattle,0,0,6,7,202,186,WAC,16-14,99.9718103519871,245,100.21843572953532,115,0.4929167289883885,162,6-10,0.4164592532085691,0.33806647289992664,0.46511149528846724,0.375,-8.943121997433932,186
Seton Hall,1,0,6,3,36,57,BE,20-13,108.21427605246447,80,96.00193192649738,48,0.7985195844852229,53,9-9,0.7149072559385665,0.5992118638586591,0.7750674891221173,0.5,-0.44396029541635107,55
Siena,0,0,8,2,210,253,MAAC,17-16,99.9595249526182,247,106.46952204716891,239,0.3261666791405725,238,11-7,0.3466310419718568,0.46126088169082674,0.2644547512650668,0.6111111111111112,-11.92049626076475,236
SIU Edwardsville,0,0,5,7,326,329,OVC,8-21,95.46669226464786,311,112.1519398254051,324,0.13559286249473732,328,6-12,0.38665249584554984,0.3836546302050536,0.3942397405434221,0.3333333333333333,-16.369640701656703,318
South Alabama,0,0,6,8,255,237,SB,15-17,102.87693009032074,181,106.61160779357252,240,0.3988933630137364,206,8-10,0.4542482613443204,0.38489298214462014,0.49325056740543033,0.4444444444444444,-10.979768368519517,220
South Carolina,0,0,6,4,99,81,SEC,15-16,107.9513916383518,86,96.50938993988353,56,0.7838878552158908,58,11-7,0.7174822734378672,0.5678588545149205,0.8058860431497537,0.6111111111111112,-2.1225680570116445,72
South Carolina State,0,0,3,9,341,336,MEAC,6-26,96.90495750594826,293,118.05542130048659,352,0.0936067863940646,339,5-11,0.33912148815719734,0.5991450151597848,0.13571881978375155,0.3125,-20.23455614434975,343
South Carolina Upstate,0,0,1,11,352,344,BSth,3-26,92.16524892816699,337,111.5279428151076,317,0.10038462927103578,337,1-15,0.4098051481548286,0.4673788998525525,0.35848124566925127,0.0625,-20.84901118850167,348
South Dakota,0,0,5,5,270,231,Sum,11-17,100.17335380643826,239,105.14068146064253,208,0.36434236575242634,223,7-9,0.4368628455360558,0.497558871379085,0.39240496746665726,0.4375,-11.720107375832622,232
South Dakota State,0,0,11,1,127,104,Sum,23-8,110.74333652004088,44,103.66979864194485,175,0.6811475863261506,97,14-2,0.3807886607031426,0.42709599822681016,0.34877848991588084,0.875,-3.4806255158757384,95
South Florida,0,0,6,7,135,99,Amer,18-13,101.89136898339666,200,96.55141069232847,58,0.6500055454817412,117,8-10,0.533610092179726,0.3213547838865148,0.6677184206419838,0.4444444444444444,-4.520483021253883,115
Southeast Missouri State,0,0,4,11,306,320,OVC,8-21,96.05189832109423,303,110.63008042049755,304,0.16451800209524434,318,5-13,0.41983079795780615,0.4386053467091731,0.4083574626097484,0.2777777777777778,-15.461440851645863,307
Southeastern Louisiana,0,0,9,3,223,249,Slnd,15-16,99.09678871874092,257,104.99231071924487,204,0.33971020220144005,231,12-6,0.36290830019090925,0.5283222944949615,0.2598422467404607,0.6666666666666666,-10.803398347831806,215
Southern,0,0,4,7,343,340,SWAC,6-25,92.651465266185,335,110.36503341289307,299,0.11795823554044178,334,6-12,0.34829506926829995,0.6154462418788702,0.169467167793592,0.3333333333333333,-19.146686014659597,340
Southern California,0,0,4,8,154,88,P12,16-17,108.58867591335388,75,100.6734953851959,122,0.7048232066828968,87,8-10,0.5898210584698901,0.48027129720238754,0.6526933042119513,0.4444444444444444,-7.1288057984937945,155
Southern Illinois,0,0,8,3,132,143,MVC,17-15,101.80668250600738,204,102.57285950822546,158,0.47845767230696684,173,10-8,0.483368478260544,0.5028785184155657,0.46946381284780603,0.5555555555555556,-8.23709279044581,173
Southern Methodist,0,0,3,9,138,98,Amer,15-17,111.88861394693592,37,104.7905355692798,198,0.6799875520024279,99,6-12,0.5997583020863111,0.43696782438076326,0.6913970022868137,0.3333333333333333,-6.503396525077873,143
Southern Mississippi,0,0,8,2,93,91,CUSA,17-11,106.73296677230917,110,99.34330804752906,100,0.6953194190864203,91,11-7,0.5108965027271178,0.5438192787916944,0.49206464862044796,0.6111111111111112,-5.759543326596716,135
Southern Utah,0,0,5,7,231,261,BSky,14-16,96.39568655661522,299,105.76547071546088,228,0.25601774197453886,282,9-11,0.35455460740546463,0.5169786182995787,0.3013434857130077,0.45,-12.037553342737375,241
St. Bonaventure,0,0,9,4,126,118,A10,18-15,101.28457694688574,215,95.149789522637107,35,0.6722855040257286,102,12-6,0.5221253633852241,0.5053437745229974,0.531883200587573,0.6666666666666666,-7.599675841585852,165
St. Francis (NY),0,0,5,5,236,254,NEC,15-15,95.50067509695792,307,103.86103138069454,180,0.27586120886965015,265,9-9,0.30415887713141315,0.39955073147210385,0.24459940814719325,0.5,-11.697536810489266,231
St. John's (NY),1,0,5,7,53,73,BE,21-12,109.07463265001803,64,99.38047230734242,101,0.744669591575721,74,8-10,0.6408499190087855,0.4332930571644645,0.7810320029089816,0.4444444444444444,-1.241980225099038,65
Stanford,0,0,6,8,140,108,P12,15-16,101.51381934780872,210,97.91136644358059,79,0.6024110634025084,133,8-10,0.6034031516962818,0.5332550980621821,0.6463917167558608,0.4444444444444444,-5.892593067769479,137
Stephen F. Austin,0,0,4,9,299,309,Slnd,10-16,94.68703069050798,318,108.56371187673162,274,0.1718258595569064,316,7-11,0.3856411907511352,0.6018022825845548,0.28956959438072655,0.3888888888888889,-11.951855811262199,237
Stetson,0,0,3,8,340,337,ASun,5-24,95.74168576953525,305,112.94566089623399,335,0.13006208926319357,329,3-13,0.42632421374079515,0.4430008558364034,0.4127744420381136,0.1875,-17.77967325014624,333
Stony Brook,0,0,8,2,113,156,AE,23-8,96.79836450606581,295,99.44709694734772,105,0.423004725716457,195,12-4,0.3395727993244428,0.41697337003328033,0.2866892772457682,0.75,-3.880186200135043,102
Syracuse,1,0,5,6,39,42,ACC,20-13,110.49372005508772,47,92.97696802537388,22,0.8792109397019874,29,10-8,0.7105545654776695,0.5535283504099312,0.8119038938575631,0.5555555555555556,0.3861162194746275,48
Temple,1,0,8,3,34,56,Amer,23-9,109.36105645246776,63,97.85434772612078,78,0.7821959303034802,60,13-5,0.6201758281593108,0.530553978177022,0.6778463677648191,0.7222222222222222,1.7608285385974038,37
Tennessee,1,0,9,2,7,5,SEC,28-4,123.52180145182444,3,94.45955224809822,32,0.9562625744983108,7,15-3,0.7126076986194658,0.5602806326949725,0.7904197739166067,0.8333333333333334,10.027577505521297,3
Tennessee-Martin,0,0,6,7,294,311,OVC,10-19,104.26654013166902,155,114.43059467153259,341,0.2554588683777631,283,6-12,0.4240610020037479,0.4783823770449632,0.39825123302524545,0.3333333333333333,-13.35790028153289,268
Tennessee State,0,0,4,7,310,316,OVC,7-21,97.22360869945518,286,109.13604037361381,281,0.20929362408088734,304,6-12,0.44343466697010264,0.5528267178897677,0.3826613053480666,0.3333333333333333,-14.38224521007574,291
Tennessee Tech,0,0,2,12,317,331,OVC,6-23,88.14366609760646,348,104.01966124967055,183,0.12959588064850514,330,4-14,0.43311453464105215,0.5131752477508804,0.384188543296157,0.2222222222222222,-16.401964793411533,319
Texas,0,0,5,6,65,38,B12,16-16,114.09512771244056,20,96.09130574263224,51,0.8781404827558394,30,8-10,0.7641083834047624,0.6420430038692729,0.8444268412642716,0.4444444444444444,-0.5920143666012576,58
Texas-Arlington,0,0,8,2,157,161,SB,16-15,101.03006358540287,223,98.71046584094731,92,0.5663838351128209,142,12-6,0.5402639676215365,0.5907425827627749,0.4985692382777057,0.6666666666666666,-6.805982662406868,150
Texas-El Paso,0,0,2,14,330,288,CUSA,6-21,89.16526665709257,344,99.66444555156819,108,0.2175246302081275,300,3-15,0.46263037206144053,0.4827731012081642,0.45255900748807865,0.16666666666666666,-15.502596318805539,308
Texas-Rio Grande Valley,0,0,8,4,141,168,WAC,17-16,97.50901267377787,280,99.42995363468717,104,0.44414684384556025,184,9-7,0.4913280459498583,0.5008378194557884,0.4710545413216634,0.5625,-8.221410486920634,172
Texas-San Antonio,0,0,7,2,139,141,CUSA,14-14,105.35194307841698,137,101.60869929223969,142,0.6025353750833976,132,11-7,0.5215791690035545,0.5907604301446282,0.4856572866628942,0.6111111111111112,-8.847518141624429,184
Texas A&M,0,0,5,11,124,84,SEC,14-18,106.35582789472257,121,98.44960672073341,89,0.7085440978841868,83,6-12,0.6944255365589314,0.518439150912886,0.8111648657908209,0.3333333333333333,-4.4494728489575905,114
Texas A&M-Corpus Christi,0,0,5,6,278,270,Slnd,10-18,94.34417259220001,319,103.95021055444498,182,0.24692705303095594,290,9-9,0.38396174910244263,0.582293731597615,0.2940071556729248,0.5,-13.744520349605628,279
Texas Christian,0,0,4,7,48,52,B12,20-13,110.33372596562154,49,95.47156767625712,40,0.8407519167742716,43,7-11,0.7112202659099189,0.5054080664976708,0.8486389535597776,0.3888888888888889,1.0201947270825347,42
Texas Southern,0,0,11,2,192,230,SWAC,19-13,101.88093821450504,201,110.09203964146022,295,0.29082375860089843,261,14-4,0.3478561325282138,0.713335223887329,0.1502260756691895,0.7777777777777778,-6.584777106073238,145
Texas State,0,0,7,2,114,134,SB,22-9,100.89505293091945,225,97.49650502289228,70,0.5972549158787148,136,12-6,0.457997930559619,0.383088239966008,0.4952195949428482,0.6666666666666666,-3.335622546595019,93
Texas Tech,1,0,11,1,16,10,B12,26-6,113.41265773795983,24,86.73546019259545,2,0.9562261306220281,8,14-4,0.6735006270814482,0.4461121812746126,0.8355065585896415,0.7777777777777778,6.940385746333671,12
Toledo,0,0,10,1,42,62,MAC,24-7,108.79473090256715,68,97.58455305209291,73,0.7773954777781388,64,13-5,0.5188081959940207,0.4334203397317611,0.5739637933443784,0.7222222222222222,-0.1995731211806161,53
Towson,0,0,5,8,298,255,CAA,9-22,99.87039191826098,250,109.63138116066756,289,0.25495082779625333,284,6-12,0.4131228623779599,0.4328863418158399,0.40873501722496336,0.3333333333333333,-16.98021345444694,325
Troy,0,0,2,11,251,256,SB,10-18,101.34104603821186,214,108.32075470441143,269,0.31735359434072385,245,5-13,0.5130612355053333,0.5327271504324489,0.5021357272124917,0.2777777777777778,-11.81841843834536,234
Tulane,0,0,0,12,293,298,Amer,4-27,96.30773707220473,300,105.16383107503827,209,0.26665435544040905,271,0-18,0.6031328131133888,0.44659409025753954,0.6949982948796943,0,-17.298146074201696,327
Tulsa,0,0,6,7,105,94,Amer,18-14,104.41198600468385,153,99.38845871075142,102,0.6380816269615833,125,8-10,0.5957308466644361,0.4782099349593868,0.6759261325992931,0.4444444444444444,-3.572562142535458,98
UC-Davis,0,0,6,6,288,247,BW,9-20,95.47965186971317,310,102.4363258330842,156,0.30815165128233235,251,7-9,0.46038556143892084,0.5918457718243971,0.36669718935012435,0.4375,-14.03200534698216,283
UC-Irvine,1,1,12,1,66,68,BW,29-5,106.37952907309575,119,96.82041296352003,61,0.7470208639578173,73,15-1,0.41190176930901073,0.5397967284300437,0.31296015605071864,0.9375,0.6828054556965876,46
UC-Riverside,0,0,3,8,327,314,BW,7-23,97.2925370250025,285,112.13013973774324,323,0.16351750557901298,320,4-12,0.4214634825351107,0.44166021671390937,0.3847062996773859,0.25,-18.260455424836724,337
UC-Santa Barbara,0,0,7,2,156,164,BW,20-10,103.17755920739346,175,105.5416357981477,222,0.4352352227465495,187,10-6,0.34968473765825203,0.3495413902678252,0.35113191728577803,0.625,-6.06738772875306,138
UCLA,0,0,6,7,108,120,P12,17-16,107.72603692902771,91,101.23701632911349,131,0.6713856242525876,103,9-9,0.6363558404451428,0.6013006294973415,0.6563534337010534,0.5,-5.296584080857626,124
University of California,0,0,3,12,257,229,P12,8-23,102.52846059805047,187,107.09870552255694,253,0.3771834444252939,216,3-15,0.6212226644709391,0.5354245207570064,0.6708116382583129,0.16666666666666666,-13.57923424912515,275
Utah,0,0,7,3,112,105,P12,17-14,113.61063362712267,23,106.35523253443947,237,0.6811175166795338,98,11-7,0.6113351288950236,0.511764300175816,0.6654759470363696,0.6111111111111112,-4.26930803273594,109
Utah State,1,1,11,1,29,29,MWC,27-6,111.9493828742156,36,96.6170506788784,60,0.8447302427337089,41,15-3,0.5091312572723181,0.5217602469343073,0.48442372522876176,0.8333333333333334,1.9571819616140917,34
Utah Valley,0,0,10,2,60,90,WAC,22-9,107.826395526178,89,102.3593513107052,154,0.6452849764733225,118,12-4,0.4697253212868277,0.4948610336842739,0.44651264707713295,0.75,-2.374703932909193,77
Valparaiso,0,0,2,8,230,191,MVC,13-18,96.72576325340762,296,101.27660798300843,133,0.37081541634972953,220,7-11,0.46988781921144895,0.44044217391583407,0.4811430077030788,0.3888888888888889,-12.203010618243395,243
Vanderbilt,0,0,0,14,220,155,SEC,9-23,100.31208824757252,235,100.33296522291386,118,0.4994017168662852,159,0-18,0.6937753189322607,0.47853959299708176,0.8484028554995487,0,-9.1348359757732691,194
Vermont,1,1,10,1,67,71,AE,26-6,106.7416274962898,109,97.84971896953466,77,0.7311080349530662,78,14-2,0.37374359413623975,0.5790390178710998,0.2489980033966204,0.875,-0.9896957326603063,62
Villanova,1,1,7,1,17,26,BE,25-9,115.77148755539012,17,98.09010116108686,84,0.8705596767733944,34,13-5,0.7075368142023515,0.6081590817700224,0.766993738845851,0.7222222222222222,3.541200022396273,26
Virginia,1,0,11,1,3,1,ACC,29-3,123.59761099607309,2,88.53715274428228,7,0.9788864966945714,1,16-2,0.6986709721938622,0.4888831483477411,0.8173699044167907,0.8888888888888888,11.006943339429336,2
Virginia Commonwealth,1,0,12,1,22,34,A10,25-7,104.7818114743367,146,87.24414581741695,3,0.8915287002155043,24,16-2,0.5573537217231773,0.5988927429239168,0.5246843373443046,0.8888888888888888,1.0960488268174806,41
Virginia Tech,1,0,8,5,27,11,ACC,24-8,118.573098407629,11,93.6898351622788,28,0.9375386045039993,12,12-6,0.6616166117124976,0.4231237053004801,0.7997554468192549,0.6666666666666666,4.917776984095326,20
VMI,0,0,4,8,282,305,SC,8-21,101.20465310557582,218,111.74718390970459,320,0.24239666852634403,293,4-14,0.5256704910866535,0.46878603418789766,0.5488424198137182,0.2222222222222222,-13.094356576641655,263
Wagner,0,0,5,7,267,300,NEC,11-17,92.83019547340344,332,106.06093169450135,234,0.1776602587855817,315,8-10,0.33417550122370887,0.4796132536272999,0.2554812667339224,0.4444444444444444,-13.53152731366914,273
Wake Forest,0,0,3,13,177,184,ACC,11-20,103.89701314980618,163,102.81448848862009,162,0.5300760190273675,153,4-14,0.6725046739940823,0.4019082445715503,0.8468789725713336,0.2222222222222222,-7.534309654678236,163
Washington,1,0,9,1,20,45,P12,26-8,105.39101129826096,136,93.10199646945192,24,0.8062444710319557,51,15-3,0.6240569027777073,0.5814054744088148,0.6313883951455492,0.8333333333333334,3.0728248045240267,28
Washington State,0,0,3,11,262,206,P12,11-21,104.92104280921994,143,109.15950972433956,283,0.3880718739078025,210,4-14,0.5442763868794143,0.3383946277915447,0.6770035484372159,0.2222222222222222,-12.281230945519729,245
Weber State,0,0,4,4,208,182,BSky,16-15,99.86910146676723,251,104.97149620649043,203,0.36053846691029956,224,11-9,0.3648512139565396,0.5165772015850361,0.2910396096995155,0.55,-10.694782998789698,214
West Virginia,0,0,3,10,110,106,B12,14-20,108.2321580149517,79,99.97893863707077,111,0.71344365542352,81,4-14,0.7438015458591836,0.5418917435027872,0.8627579420412106,0.2222222222222222,-3.810828611630245,101
Western Carolina,0,0,2,8,292,295,SC,6-25,100.37914720782035,233,109.84266168769364,293,0.261905752417474,275,4-14,0.5542823214743055,0.5916614826156301,0.5466898614323716,0.2222222222222222,-16.601512895734373,320
Western Illinois,0,0,3,8,335,303,Sum,8-21,97.04554950982714,288,107.04097858111497,251,0.24464866798051157,292,4-12,0.40339812480108134,0.3771657391120458,0.4022326289053887,0.25,-16.003888614720868,313
Western Kentucky,0,0,8,2,75,111,CUSA,20-14,103.94331254917029,161,99.17588976410113,97,0.6317969526751824,126,11-7,0.5428899791855905,0.592557343598931,0.49510611384011555,0.6111111111111112,-5.606760741288881,129
Western Michigan,0,0,2,6,284,276,MAC,7-24,98.34065790422136,270,105.1675101054237,210,0.3160803677838003,246,2-16,0.5582079640052906,0.4616777084412989,0.615461644145477,0.1111111111111111,-15.227766469254789,303
Wichita State,0,0,9,6,69,83,Amer,19-14,106.06994561251125,125,96.53112638739941,57,0.7471901650293297,72,10-8,0.6336646527462199,0.6116370441554136,0.645211886666351,0.5555555555555556,-3.0072518359291838,86
William & Mary,0,0,7,4,191,193,CAA,13-17,102.14073752047555,195,106.70126884598889,243,0.37699181207054555,217,10-8,0.452486863447583,0.5606260606320453,0.3953776214243088,0.5555555555555556,-11.118879643822302,223
Winthrop,0,0,7,4,162,179,BSth,15-12,104.17461981326284,156,107.23132966932263,255,0.4176131909031351,197,10-6,0.4191272296355905,0.5110127524460919,0.35915855598166024,0.625,-6.539464150017069,144
Wisconsin,1,0,9,4,25,17,B10,23-10,108.75854223917614,71,87.62113341645532,5,0.9231007301742145,13,14-6,0.7574861637055043,0.5629770325507263,0.850050062351231,0.7,6.215281449746309,15
Wofford,1,1,12,1,21,13,SC,26-4,116.66061009914921,13,97.7503341041078,75,0.8843006247487468,27,18-0,0.5246349829045234,0.6111261159138595,0.47851130622106486,1,3.9813977503317464,24
Wright State,0,0,10,1,146,140,Horz,19-13,105.02366753251638,142,99.7604928475258,109,0.6436530751836236,121,13-5,0.46432388164523547,0.5816835398161886,0.39414396572551275,0.7222222222222222,-6.599369296192372,146
Wyoming,0,0,3,10,328,321,MWC,7-24,94.23621642618755,322,106.32712717760147,236,0.19969006534324804,307,4-14,0.49335409734245983,0.4342510780646052,0.5351416308126704,0.2222222222222222,-17.659697578908084,332
Xavier,0,0,6,3,79,67,BE,18-15,110.36326179866393,48,99.40395286740957,103,0.7690105028510157,67,9-9,0.6972267969608041,0.5612650075959249,0.778342566157914,0.5,-2.9321631044115968,85
Yale,1,1,8,1,51,86,Ivy,20-7,109.53505664003958,61,101.53978062778924,138,0.7050849639955258,86,10-4,0.4861759245696625,0.4695402501676997,0.5055023309472505,0.7142857142857143,-1.1173670611499202,63
Youngstown State,0,0,6,6,300,269,Horz,10-20,103.63246446133451,167,111.23060786803381,311,0.30710645455253255,253,8-10,0.46165405096935014,0.5035359351019113,0.4306974324529492,0.4444444444444444,-14.063023101314178,285
